coffee_id,Country_of_Origin,Altitude,Harvest_Year,Variety,Processing_Method,Aroma,Flavor,Aftertaste,Acidity,Body,Balance,Uniformity,Clean_Cup,Sweetness,Overall,Total_Cup_Points,Moisture,Color,Category_One_Defects,Category_Two_Defects,Quakers
#647123,Guatemala,1600.0,2021 / 2022,Caturra,Washed / Wet,7.83,7.92,7.75,8.0,7.75,7.75,10.0,10.0,10.0,7.92,84.92,0.1169999999999999,Green,0,1,3.0
#927000,Guatemala,1600.0,2022 / 2023,Bourbon,Washed / Wet,7.58,7.83,7.58,7.75,7.67,7.75,10.0,10.0,10.0,7.75,83.92,0.1,Green,0,2,1.0
#902618,Guatemala,1550.0,2022 / 2023,Caturra,Washed / Wet,7.67,7.83,7.67,7.83,7.75,7.67,10.0,10.0,10.0,7.67,84.08,0.11,Green,0,2,1.0
#781706,Guatemala,1600.0,2022 / 2023,Typica,Washed / Wet,7.58,7.92,7.67,7.75,7.83,7.75,10.0,10.0,10.0,7.75,84.25,0.1,Green,0,1,0.0
#237025,Guatemala,1350.0,2022 / 2023,Bourbon,Washed / Wet,7.67,7.83,7.75,7.75,7.83,7.75,10.0,10.0,10.0,7.75,84.33,0.092,Green,0,5,1.0
#932904,Guatemala,1550.0,2022 / 2023,Caturra,Washed / Wet,7.67,7.92,7.67,7.75,7.67,7.58,10.0,10.0,10.0,7.75,84.0,0.11,Green,0,2,2.0
#614786,Guatemala,1432.0,2022 / 2023,Catuai,Washed / Wet,7.67,8.0,7.75,7.92,8.0,7.83,10.0,10.0,10.0,7.83,85.0,0.113,Green,0,4,0.0
#975481,Guatemala,1600.0,2022 / 2023,Caturra,Washed / Wet,7.67,8.0,7.67,7.83,7.92,7.67,10.0,10.0,10.0,7.92,84.67,0.106,Green,0,1,0.0
#938229,Guatemala,1600.0,2022 / 2023,Caturra,Washed / Wet,7.67,8.08,7.67,8.0,7.92,7.83,10.0,10.0,10.0,7.83,85.0,0.099,Green,0,1,1.0
#797284,Guatemala,1500.0,2022 / 2023,Bourbon,Washed / Wet,7.67,7.92,7.67,7.75,7.75,7.75,10.0,10.0,10.0,7.75,84.25,0.107,Green,0,3,1.0
#300191,Brazil,1250.0,2022,No informado,Pulped natural / honey,7.83,8.08,7.83,7.92,8.0,7.83,10.0,10.0,10.0,8.0,85.5,0.113,Green,2,3,0.0
#914711,Brazil,950.0,2022 / 2023,Mundo Novo,Natural / Dry,7.58,7.5,7.5,7.83,7.67,7.5,10.0,10.0,10.0,7.67,83.25,0.1159999999999999,Green,0,4,0.0
#319783,Brazil,950.0,2022 / 2023,Mundo Novo,Natural / Dry,7.17,7.17,6.92,7.17,7.42,7.17,10.0,10.0,10.0,7.08,80.08,0.114,Green,0,4,0.0
#421693,Honduras,1450.0,2022 / 2023,Catuai,Washed / Wet,7.67,7.58,7.33,7.5,7.58,7.5,10.0,10.0,10.0,7.5,82.67,0.096,Green,0,2,0.0
#102399,Honduras,1450.0,2022 / 2023,Catuai,Washed / Wet,7.75,7.58,7.58,7.58,7.58,7.5,10.0,10.0,10.0,7.5,83.08,0.096,Green,0,2,0.0
#915144,Honduras,1280.0,2022 / 2023,Catuai,Washed / Wet,7.67,7.58,7.5,7.5,7.58,7.5,10.0,10.0,10.0,7.5,82.83,0.1,Green,0,4,0.0
#442273,Honduras,1400.0,2021 / 2022,Catuai,Washed / Wet,7.75,7.58,7.58,7.58,7.5,7.58,10.0,10.0,10.0,7.67,83.25,0.113,Green,0,5,1.0
#183019,Honduras,1400.0,2021 / 2022,SHG,Washed / Wet,7.75,7.67,7.58,7.58,7.58,7.67,10.0,10.0,10.0,7.67,83.5,0.1119999999999999,Green,0,5,1.0
#176177,Honduras,1368.0,2022 / 2023,Catuai,Washed / Wet,7.75,7.75,7.58,7.83,7.75,7.75,10.0,10.0,10.0,7.75,84.17,0.102,Green,0,2,0.0
#748155,Honduras,1368.0,2022 / 2023,Catuai,Washed / Wet,7.83,7.92,7.75,7.75,7.75,7.75,10.0,10.0,10.0,7.75,84.5,0.098,Green,0,3,0.0
#858598,Colombia,1700.0,2022 / 2023,Caturra,Washed / Wet,7.92,7.75,7.42,7.58,7.92,7.67,10.0,10.0,10.0,7.58,83.83,0.121,Green,2,5,5.0
#329719,Colombia,1700.0,2022,Caturra,Washed / Wet,7.75,7.75,7.5,7.58,7.83,7.5,10.0,10.0,10.0,7.58,83.5,0.122,Bluish-Green,0,2,0.0
#449544,Colombia,1650.0,2022 / 2023,Caturra,Washed / Wet,8.0,7.67,7.42,7.58,7.58,7.42,10.0,10.0,10.0,7.33,83.0,0.131,Bluish-Green,0,1,0.0
#882894,Colombia,1600.0,2021 / 2022,No informado,Washed / Wet,7.75,7.67,7.67,7.75,7.75,7.75,10.0,10.0,10.0,7.75,84.08,0.119,Green,0,0,0.0
#208327,Vietnam,1646.0,2022 / 2023,Catimor,Pulped natural / honey,7.5,7.5,7.25,7.42,7.42,7.42,10.0,10.0,10.0,7.33,81.83,0.1119999999999999,Green,0,4,0.0
#274853,Colombia,,2022,No informado,No informado,7.83,7.75,7.5,7.58,7.67,7.67,10.0,10.0,10.0,7.67,83.67,0.124,Greenish,1,9,0.0
#829408,El Salvador,1400.0,2023,Bourbon,Natural / Dry,7.42,7.33,7.33,7.5,7.08,7.0,10.0,10.0,10.0,7.17,80.83,0.105,Bluish-Green,0,7,8.0
#181854,El Salvador,1300.0,2023,Pacas,Natural / Dry,7.08,7.25,7.08,7.42,7.42,7.08,10.0,10.0,10.0,7.0,80.33,0.115,Bluish-Green,0,7,10.0
#322731,El Salvador,1200.0,2021 / 2022,Bourbon,Washed / Wet,7.33,7.67,7.25,7.67,7.83,7.42,10.0,10.0,10.0,7.17,82.33,0.118,Bluish-Green,0,0,0.0
#112317,El Salvador,1200.0,2022 / 2023,Bourbon,Washed / Wet,7.5,7.5,7.42,7.42,7.42,7.67,10.0,10.0,10.0,7.42,82.33,0.12,Green,0,10,7.0
#840458,El Salvador,1200.0,2022 / 2023,Bourbon,Washed / Wet,7.67,7.33,7.17,7.67,7.83,7.5,10.0,10.0,10.0,7.33,82.5,0.113,Green,0,2,0.0
#955194,Madagascar,1500.0,2022,Bourbon,Washed / Wet,7.92,7.92,7.58,7.75,7.58,7.67,10.0,10.0,10.0,7.83,84.25,0.121,Blue-Green,0,0,0.0
#847918,Indonesia,1350.0,2022,No informado,Pulped natural / honey,7.67,7.33,7.25,7.67,7.42,7.25,10.0,10.0,10.0,7.42,82.0,0.125,Bluish-Green,0,0,0.0
#119514,Colombia,1550.0,2022,Caturra,Washed / Wet,7.67,7.83,7.58,7.92,7.67,7.67,10.0,10.0,10.0,7.67,84.0,0.133,Green,0,3,2.0
#350205,Indonesia,1200.0,2022,Catimor,No informado,7.83,7.92,7.75,7.83,7.83,7.83,10.0,10.0,10.0,7.83,84.83,0.119,Bluish-Green,0,2,3.0
#617945,Taiwan,1300.0,2022,Gesha,Natural / Dry,8.0,8.17,8.0,7.92,7.92,7.92,10.0,10.0,10.0,8.17,86.08,0.103,yellow-green,0,0,0.0
#356700,Taiwan,1250.0,2022,SL34,Washed / Wet,7.67,7.67,7.75,7.75,7.5,7.67,10.0,10.0,10.0,7.67,83.67,0.1,Bluish-Green,0,0,0.0
#814850,Taiwan,1200.0,2021 / 2022,Gesha,Natural / Dry,8.08,8.17,7.75,7.92,7.83,8.0,10.0,10.0,10.0,8.17,85.92,0.11,brownish,0,1,0.0
#259403,Taiwan,850.0,2017 / 2018,Gesha,Washed / Wet,7.75,7.92,7.75,8.0,7.83,7.92,10.0,10.0,10.0,8.0,85.17,0.103,Bluish-Green,0,0,0.0
#409732,Ethiopia,1943.0,2021 / 2022,Ethiopian Heirlooms,Washed / Wet,7.92,7.83,7.75,7.92,7.58,7.67,10.0,10.0,10.0,7.83,84.5,0.109,Green,0,9,0.0
#280845,Taiwan,1200.0,2022,Gesha,No informado,7.67,7.5,7.42,7.75,7.42,7.58,10.0,10.0,10.0,7.58,82.92,0.102,yellow-green,0,0,0.0
#994915,Panama,1200.0,2022 / 2023,Catuai,Washed / Wet,7.83,7.83,7.75,7.92,7.83,7.75,10.0,10.0,10.0,7.83,84.75,0.103,Bluish-Green,0,5,1.0
#594815,Costa Rica,1500.0,2018 / 2019,Caturra,Washed / Wet,7.42,7.42,7.42,7.33,7.58,7.33,10.0,10.0,10.0,7.5,82.0,0.105,Green,1,8,2.0
#793199,Costa Rica,1200.0,2022 / 2023,Caturra,Washed / Wet,7.33,7.42,7.25,7.42,7.42,7.33,10.0,10.0,10.0,7.42,81.58,0.0969999999999999,Green,0,4,2.0
#444508,Costa Rica,1850.0,2022 / 2023,Caturra,Washed / Wet,7.58,7.83,7.5,7.67,7.83,7.67,10.0,10.0,10.0,8.58,84.67,0.1,Green,0,2,1.0
#191702,Costa Rica,1850.0,2022 / 2023,Caturra,Washed / Wet,7.58,7.75,7.42,7.67,7.5,7.75,10.0,10.0,10.0,7.67,83.33,0.0,Green,0,3,0.0
#820121,Costa Rica,1850.0,2022 / 2023,Caturra,Washed / Wet,7.67,7.92,7.58,7.75,7.67,7.58,10.0,10.0,10.0,7.75,83.92,0.095,Green,0,2,0.0
#777610,"Tanzania, United Republic Of",1654.0,2022 / 2023,Bourbon,Washed / Wet,7.92,7.75,7.75,7.92,7.83,7.83,10.0,10.0,10.0,7.83,84.83,0.1119999999999999,Greenish,0,0,0.0
#605124,"Tanzania, United Republic Of",1550.0,2022 / 2023,Bourbon,Washed / Wet,7.75,7.58,7.58,7.92,7.67,7.75,10.0,10.0,10.0,7.75,84.0,0.1159999999999999,Greenish,0,2,0.0
#170699,"Tanzania, United Republic Of",1550.0,2022 / 2023,Bourbon,Washed / Wet,8.08,8.17,8.08,8.17,8.0,8.0,10.0,10.0,10.0,8.0,86.5,0.11,Greenish,0,0,0.0
#431038,"Tanzania, United Republic Of",1550.0,2022 / 2023,Bourbon,Washed / Wet,7.92,7.67,7.42,7.5,7.67,7.58,10.0,10.0,10.0,7.5,83.25,0.104,Greenish,0,8,0.0
#778301,"Tanzania, United Republic Of",1675.0,2022 / 2023,Bourbon,Washed / Wet,7.58,7.67,7.75,7.75,7.75,7.75,10.0,10.0,10.0,7.75,84.0,0.098,Greenish,0,3,0.0
#346202,"Tanzania, United Republic Of",1585.0,2022 / 2023,Bourbon,Washed / Wet,8.17,8.0,7.92,7.92,8.17,7.75,10.0,10.0,10.0,7.92,85.83,0.1,Greenish,0,0,0.0
#387213,Kenya,1750.0,2022 / 2023,SL28,Washed / Wet,8.17,7.75,7.83,7.58,7.92,8.0,10.0,10.0,10.0,8.0,85.25,0.092,Greenish,0,1,0.0
#656708,Ethiopia,2000.0,2021 / 2022,Ethiopian Heirlooms,Washed / Wet,7.83,7.67,7.5,7.92,7.5,7.67,10.0,10.0,10.0,7.75,83.83,0.12,Green,0,12,0.0
164,China,1100.0,2013,Other,Washed / Wet,7.67,8.0,7.75,7.83,7.75,7.58,10.0,10.0,10.0,7.92,84.5,0.0,Green,0,2,0.0
978,Philippines,1200.0,2014,Typica,Natural / Dry,7.25,7.25,7.25,7.08,7.58,7.5,10.0,10.0,10.0,7.25,81.17,0.0,No informado,0,4,0.0
957,Philippines,1400.0,2014,Other,Washed / Wet,7.08,7.33,7.42,7.33,7.33,7.5,10.0,10.0,10.0,7.33,81.33,0.14,Green,0,3,0.0
990,United States,1707.0,2014,Pache Comun,Natural / Dry,7.42,7.17,7.33,7.42,7.25,7.33,10.0,10.0,10.0,7.17,81.08,0.0,No informado,0,0,0.0
662,Mexico,1600.0,2013,Other,Washed / Wet,7.42,7.58,7.5,7.67,7.25,7.5,10.0,10.0,10.0,7.58,82.5,0.0,Green,0,1,0.0
49,Kenya,1860.0,2013,SL28,Washed / Wet,7.92,8.17,7.83,8.5,7.5,7.92,10.0,10.0,10.0,8.17,86.0,0.11,Green,0,1,0.0
769,Mexico,1400.0,2013,Other,Washed / Wet,7.5,7.5,7.33,7.42,7.5,7.42,10.0,10.0,10.0,7.5,82.17,0.1,No informado,1,1,0.0
64,El Salvador,1350.0,2012,Bourbon,Semi-washed / Semi-pulped,7.83,8.0,8.0,7.75,7.92,8.17,10.0,10.0,10.0,7.92,85.58,0.11,No informado,0,0,0.0
251,Ethiopia,1550.0,2013,Other,Natural / Dry,7.75,7.75,7.5,7.58,7.67,7.92,10.0,10.0,10.0,7.83,84.0,0.09,Green,4,40,0.0
1156,Guatemala,,2012,Bourbon,Washed / Wet,7.58,7.33,7.5,7.33,7.0,7.33,9.33,9.33,9.33,7.67,79.75,0.0,Green,0,4,0.0
824,Zambia,1250.0,2014,SL28,Washed / Wet,7.67,7.08,7.42,7.33,7.75,7.42,10.0,10.0,10.0,7.25,81.92,0.0,No informado,1,3,0.0
48,Colombia,1200.0,2013,Caturra,Washed / Wet,7.75,7.92,7.83,8.08,8.08,8.17,10.0,10.0,10.0,8.17,86.0,0.12,Green,1,1,0.0
237,Guatemala,1550.0,2014,Bourbon,Washed / Wet,7.58,7.75,7.67,8.0,7.75,7.67,10.0,10.0,10.0,7.67,84.08,0.1,Bluish-Green,0,10,0.0
155,Costa Rica,1575.0,2012,Bourbon,Semi-washed / Semi-pulped,7.75,7.83,7.75,8.0,7.83,7.67,10.0,10.0,10.0,7.75,84.58,0.12,Bluish-Green,0,2,0.0
1082,El Salvador,1450.0,2013,Bourbon,Washed / Wet,7.33,7.17,7.08,7.08,7.33,7.17,10.0,10.0,10.0,7.25,80.42,0.0,Green,0,1,0.0
31,Nicaragua,,No informado,No informado,No informado,7.92,8.25,8.0,8.33,8.0,8.08,10.0,10.0,10.0,8.0,86.58,0.08,No informado,0,2,0.0
104,Mexico,1400.0,2010-2011,Pacamara,No informado,7.92,8.17,7.75,8.08,7.42,7.83,10.0,10.0,10.0,7.83,85.0,0.0,No informado,0,0,0.0
631,Mexico,1400.0,2010-2011,Blue Mountain,No informado,7.75,7.58,7.25,7.75,7.67,7.58,10.0,10.0,10.0,7.08,82.67,0.0,No informado,0,1,0.0
750,El Salvador,,2012,Other,Washed / Wet,7.75,7.33,7.33,7.5,7.5,7.5,10.0,10.0,10.0,7.33,82.25,0.0,Green,2,5,0.0
624,El Salvador,,2012,Other,Washed / Wet,7.92,8.0,7.5,6.75,7.92,7.58,10.0,10.0,9.33,7.67,82.67,0.0,No informado,0,17,0.0
674,Guatemala,1600.0,No informado,No informado,No informado,7.75,7.58,7.67,7.67,7.58,7.58,9.33,10.0,10.0,7.33,82.5,0.01,No informado,1,14,0.0
646,Guatemala,,2012,No informado,Natural / Dry,7.5,7.58,7.42,7.58,7.42,7.58,10.0,10.0,10.0,7.5,82.58,0.0,Blue-Green,0,4,0.0
691,Honduras,,2012,No informado,Washed / Wet,7.25,7.67,7.42,7.17,7.75,7.5,10.0,10.0,10.0,7.67,82.42,0.09,No informado,0,2,0.0
1189,Costa Rica,,2012,Catuai,Washed / Wet,7.17,7.42,7.5,8.0,7.25,7.83,10.0,10.0,6.67,7.33,79.17,0.1,No informado,5,20,0.0
675,Honduras,1500.0,2017,Other,Washed / Wet,7.42,7.67,7.17,7.58,7.58,7.5,10.0,10.0,10.0,7.5,82.42,0.12,Green,0,6,1.0
825,Honduras,,2012,No informado,Washed / Wet,7.42,7.33,7.33,7.58,7.33,7.5,10.0,10.0,10.0,7.42,81.92,0.11,Green,0,0,0.0
549,Guatemala,,2012,No informado,Washed / Wet,7.58,7.58,7.25,7.58,7.58,7.58,10.0,10.0,10.0,7.75,82.92,0.1,Green,0,4,0.0
135,Costa Rica,,2012,No informado,Washed / Wet,8.08,7.83,7.75,7.83,7.92,8.0,10.0,10.0,9.33,7.92,84.67,0.0,Green,1,10,0.0
1178,Cote d?Ivoire,200.0,2016,No informado,Washed / Wet,7.42,7.25,6.83,7.0,7.33,7.08,9.33,10.0,10.0,7.08,79.33,0.13,Bluish-Green,1,2,0.0
91,Ethiopia,1700.0,2014,No informado,Natural / Dry,8.42,8.0,7.42,8.0,7.92,7.92,9.33,10.0,10.0,8.08,85.08,0.1,Green,2,7,0.0
413,Burundi,1880.0,2012,Bourbon,Washed / Wet,7.75,7.67,7.33,7.5,7.5,7.75,10.0,10.0,10.0,7.83,83.33,0.0,No informado,0,5,0.0
240,Ethiopia,1800.0,2012,Other,Natural / Dry,7.92,7.92,7.83,8.0,7.92,7.92,10.0,10.0,8.67,7.92,84.08,0.09,No informado,0,15,0.0
1270,Indonesia,1067.0,2011,Other,Natural / Dry,7.33,7.0,6.5,6.08,7.58,6.33,9.33,10.0,9.33,6.67,76.17,0.12,No informado,4,26,0.0
1169,Guatemala,1326.0,2009/2010,No informado,No informado,7.08,7.0,6.83,7.33,7.25,7.0,10.0,10.0,10.0,7.08,79.58,0.17,No informado,1,19,0.0
106,Guatemala,1326.0,2009/2010,No informado,No informado,7.83,8.08,7.67,8.0,7.75,7.67,10.0,10.0,10.0,8.0,85.0,0.04,No informado,0,1,0.0
1024,Nicaragua,1050.0,2013,Caturra,Washed / Wet,7.33,7.08,7.25,7.0,7.5,7.42,10.0,10.0,10.0,7.33,80.92,0.1,Green,1,3,0.0
224,Guatemala,,2013,No informado,Washed / Wet,7.67,7.75,7.67,7.75,7.75,7.75,10.0,10.0,10.0,7.83,84.17,0.11,Bluish-Green,0,0,0.0
823,Nicaragua,,2013,No informado,Washed / Wet,7.58,7.42,7.25,7.17,7.5,7.67,10.0,10.0,10.0,7.33,81.92,0.12,Green,3,4,0.0
496,Guatemala,,No informado,No informado,No informado,7.92,7.67,7.67,7.25,7.83,7.67,9.33,10.0,10.0,7.75,83.08,0.02,No informado,0,1,0.0
882,Indonesia,,2013,Sumatra,Semi-washed / Semi-pulped,7.17,7.42,7.33,7.42,7.33,7.42,10.0,10.0,10.0,7.58,81.67,0.11,Bluish-Green,0,0,0.0
1149,Peru,,2013,No informado,Washed / Wet,7.0,7.08,7.0,7.25,7.5,7.42,9.33,10.0,10.0,7.17,79.75,0.12,Green,1,2,0.0
688,Peru,,2013,No informado,Washed / Wet,7.58,7.58,7.58,7.75,7.5,7.58,9.33,10.0,10.0,7.5,82.42,0.0,Green,0,3,0.0
944,Peru,,2013,No informado,Washed / Wet,7.42,7.42,7.17,7.33,7.42,7.42,10.0,10.0,10.0,7.25,81.42,0.1,Bluish-Green,1,5,0.0
645,Mexico,,2014,No informado,Washed / Wet,7.58,7.58,7.42,7.75,7.67,7.67,9.33,10.0,10.0,7.58,82.58,0.0,Green,0,11,0.0
719,Mexico,,2014,No informado,Washed / Wet,7.33,7.58,7.42,7.5,7.5,7.5,10.0,10.0,10.0,7.5,82.33,0.11,Green,0,0,0.0
61,Peru,,2013,No informado,Washed / Wet,8.0,8.0,8.0,8.08,7.92,7.75,10.0,10.0,10.0,8.0,85.75,0.1,Green,4,6,0.0
885,Mexico,,2014,No informado,Washed / Wet,7.42,7.42,7.67,8.0,7.58,7.5,9.33,9.33,10.0,7.42,81.67,0.0,Green,0,4,0.0
408,Peru,,2013,No informado,Washed / Wet,7.83,7.75,7.58,7.83,7.92,7.58,9.33,10.0,10.0,7.5,83.33,0.12,Green,0,5,0.0
287,Ecuador,800.0,2013,No informado,Natural / Dry,7.5,7.67,7.58,7.75,7.83,7.83,10.0,10.0,10.0,7.67,83.83,0.09,Bluish-Green,0,0,0.0
808,Brazil,1038.5,2012,Mundo Novo,Natural / Dry,7.33,7.67,7.42,7.17,7.33,7.42,10.0,10.0,10.0,7.67,82.0,0.11,Blue-Green,0,0,0.0
226,Brazil,1038.5,2012,Mundo Novo,Natural / Dry,7.58,7.83,7.75,7.67,7.67,8.0,10.0,10.0,10.0,7.67,84.17,0.11,Green,0,3,0.0
323,Colombia,1625.0,2014/2015,Caturra,Washed / Wet,7.5,7.75,7.5,7.75,7.67,7.67,10.0,10.0,10.0,7.83,83.67,0.11,No informado,0,4,0.0
835,Costa Rica,1900.0,2016,Catuai,Pulped natural / honey,7.25,7.33,7.5,7.33,7.67,7.42,10.0,10.0,10.0,7.33,81.83,0.0,Green,1,4,0.0
99,Costa Rica,1900.0,2016,Catuai,Washed / Wet,7.83,8.0,7.58,7.92,7.92,7.83,10.0,10.0,10.0,7.92,85.0,0.12,Green,1,1,1.0
418,Costa Rica,1900.0,2016,Catuai,Pulped natural / honey,7.5,7.5,7.83,7.5,7.67,7.67,10.0,10.0,10.0,7.58,83.25,0.11,Green,0,0,0.0
1273,Philippines,1000.0,2012,No informado,Washed / Wet,6.83,6.5,6.5,6.92,6.75,7.0,9.33,10.0,9.33,6.67,75.83,0.12,Green,0,2,0.0
1098,Myanmar,914.0,2015,Other,Natural / Dry,8.0,7.08,7.0,7.33,7.08,6.92,10.0,10.0,10.0,6.83,80.25,0.11,Green,1,26,0.0
373,Guatemala,1402.0,2012,Bourbon,Washed / Wet,7.5,7.5,7.75,7.5,8.0,7.67,10.0,10.0,10.0,7.58,83.5,0.0,Green,3,12,0.0
474,Guatemala,1402.0,2012,Bourbon,Washed / Wet,7.75,7.5,7.67,7.5,7.92,8.0,10.0,10.0,9.33,7.5,83.17,0.0,Green,0,10,0.0
814,Guatemala,1402.0,2012,Bourbon,Washed / Wet,7.75,7.33,7.33,7.42,7.75,7.67,10.0,10.0,9.33,7.42,82.0,0.0,Green,0,10,0.0
176,Taiwan,1200.0,2012,Typica,Washed / Wet,7.83,7.83,7.75,8.0,7.5,7.75,10.0,10.0,10.0,7.75,84.42,0.11,Blue-Green,0,0,0.0
943,Mexico,1550.0,2014,Typica,Washed / Wet,7.67,7.33,7.25,7.17,7.25,7.42,10.0,10.0,10.0,7.33,81.42,0.0,Green,1,1,0.0
1295,Mexico,1200.0,2014,Typica,Washed / Wet,7.08,7.08,6.92,7.08,6.92,6.92,8.0,8.0,8.0,6.92,72.92,0.0,No informado,1,1,0.0
1222,Mexico,1600.0,2014,Bourbon,Washed / Wet,7.25,6.75,6.92,6.92,7.25,7.58,9.33,9.33,10.0,7.17,78.5,0.0,Green,0,0,0.0
850,Mexico,1550.0,2014,Typica,Washed / Wet,7.42,7.42,7.25,7.5,7.33,7.42,10.0,10.0,10.0,7.5,81.83,0.11,Green,0,0,0.0
1302,Mexico,1000.0,2014,Typica,Washed / Wet,6.92,7.0,6.83,6.92,7.42,6.92,6.0,6.0,10.0,6.75,70.75,0.12,Green,0,1,0.0
1125,Mexico,1400.0,2014,Typica,Washed / Wet,7.58,7.75,7.42,7.5,7.5,7.5,8.67,8.67,10.0,7.42,80.0,0.0,Green,0,2,0.0
1243,Colombia,,No informado,No informado,No informado,7.42,7.17,7.0,7.17,7.67,7.17,8.67,9.33,9.33,7.08,78.0,0.1,Green,1,3,0.0
241,Costa Rica,,2017,No informado,Washed / Wet,7.58,7.75,7.67,7.75,7.83,7.75,10.0,10.0,10.0,7.67,84.0,0.08,No informado,1,13,2.0
543,Mexico,1300.0,2015,Bourbon,Washed / Wet,7.75,7.67,7.42,7.42,7.75,7.5,10.0,10.0,10.0,7.42,82.92,0.12,Bluish-Green,2,8,0.0
1260,Peru,1200.0,2014,Caturra,Washed / Wet,7.42,7.75,7.42,7.67,7.92,7.83,8.67,5.33,9.33,7.67,77.0,0.0,Green,7,9,0.0
785,Colombia,,2013,No informado,Washed / Wet,7.5,7.42,7.42,7.42,7.67,7.42,10.0,10.0,10.0,7.25,82.08,0.11,Green,1,0,0.0
1248,Brazil,,2014,No informado,Washed / Wet,7.0,6.75,6.67,6.83,7.08,6.83,10.0,10.0,10.0,6.67,77.83,0.11,No informado,0,2,0.0
863,Brazil,,2013,No informado,Natural / Dry,7.17,7.25,7.17,7.25,7.42,8.25,10.0,10.0,10.0,7.25,81.75,0.1,Bluish-Green,0,1,0.0
458,Colombia,,2014,No informado,Washed / Wet,7.58,7.75,7.5,7.58,7.58,7.58,10.0,10.0,10.0,7.58,83.17,0.11,Green,10,3,0.0
1194,United States (Puerto Rico),853.0,2013,Other,Washed / Wet,7.42,7.08,6.75,7.33,7.33,6.92,10.0,9.33,10.0,6.92,79.08,0.13,Green,0,0,0.0
510,United States (Puerto Rico),853.0,2013,Other,Washed / Wet,7.67,7.5,7.67,7.83,7.75,7.83,10.0,10.0,9.33,7.42,83.0,0.0,Bluish-Green,0,0,0.0
304,United States (Puerto Rico),853.0,2013,Other,Washed / Wet,7.83,7.83,7.83,7.67,8.0,8.17,9.33,9.33,10.0,7.75,83.75,0.12,Green,0,1,0.0
993,United States (Puerto Rico),853.0,2013,Other,Washed / Wet,7.67,7.75,7.67,7.58,7.58,7.67,6.67,10.0,10.0,8.5,81.08,0.0,Green,0,0,0.0
962,Brazil,1100.0,No informado,Catuai,Natural / Dry,7.5,7.58,7.5,7.5,7.75,7.83,9.33,9.33,9.33,7.58,81.33,0.11,Green,0,0,0.0
735,Brazil,1100.0,No informado,Catuai,Washed / Wet,7.58,7.5,7.25,7.42,7.67,7.33,10.0,10.0,10.0,7.5,82.25,0.09,Green,2,10,6.0
1213,China,1850.0,2013,Typica,Washed / Wet,7.0,6.92,6.83,7.17,7.17,7.17,10.0,10.0,9.33,7.08,78.67,0.0,Green,0,5,0.0
1083,China,1700.0,2013,Other,Washed / Wet,7.25,7.08,7.25,7.17,7.33,7.17,10.0,10.0,10.0,7.17,80.42,0.17,Green,0,14,0.0
115,Kenya,,2009-2010,No informado,No informado,8.0,7.67,7.83,8.17,7.92,7.75,10.0,10.0,10.0,7.58,84.92,0.06,No informado,1,9,0.0
988,Brazil,695.0,2016,Mundo Novo,Natural / Dry,7.58,7.42,7.5,7.25,7.75,7.58,9.33,10.0,9.33,7.33,81.08,0.11,Green,5,8,0.0
726,Costa Rica,,2012,No informado,Washed / Wet,7.92,7.58,7.25,7.75,7.92,7.58,9.33,9.33,10.0,7.67,82.33,0.0,Green,0,14,0.0
564,Rwanda,1900.0,2015,Bourbon,Washed / Wet,7.83,7.92,7.75,7.83,7.75,7.75,9.33,9.33,9.33,8.0,82.83,0.11,Bluish-Green,0,0,0.0
1238,United States (Hawaii),,2014,Hawaiian Kona,Natural / Dry,7.58,7.33,7.5,7.42,7.5,7.33,8.0,8.67,9.33,7.33,78.0,0.12,Green,2,3,0.0
1258,United States (Hawaii),,2013,No informado,Natural / Dry,7.08,6.92,6.83,6.67,7.58,7.42,8.67,9.33,10.0,6.75,77.25,0.12,Green,1,5,0.0
1132,United States (Hawaii),,2014,Hawaiian Kona,Natural / Dry,7.5,7.0,7.0,6.92,7.33,7.17,10.0,10.0,10.0,7.0,79.92,0.11,Green,1,3,0.0
1019,United States (Hawaii),,2014,Hawaiian Kona,Natural / Dry,7.42,7.08,7.17,7.17,7.58,7.25,10.0,10.0,10.0,7.25,80.92,0.1,Bluish-Green,2,5,0.0
1268,United States (Hawaii),,2013,No informado,Natural / Dry,7.5,7.33,7.33,7.58,7.67,7.25,8.0,8.0,8.0,7.5,76.17,0.0,Bluish-Green,0,3,0.0
406,United States (Hawaii),,2014,Hawaiian Kona,Natural / Dry,7.83,7.58,7.83,7.67,7.92,8.0,9.33,10.0,9.33,7.83,83.33,0.11,Bluish-Green,0,1,0.0
92,United States (Hawaii),,2014,Hawaiian Kona,Natural / Dry,7.58,7.83,7.83,7.92,7.83,8.17,10.0,10.0,10.0,7.92,85.08,0.11,Bluish-Green,2,2,0.0
1267,United States (Hawaii),,2014,Hawaiian Kona,Natural / Dry,7.25,7.08,6.83,7.17,7.33,6.83,8.67,8.67,9.33,7.08,76.25,0.0,Green,0,0,0.0
462,United States (Hawaii),,2013,Hawaiian Kona,Natural / Dry,7.5,7.5,7.58,7.42,7.92,7.67,10.0,10.0,10.0,7.58,83.17,0.11,Bluish-Green,0,0,0.0
597,United States (Hawaii),,2013,Hawaiian Kona,Natural / Dry,7.67,7.58,7.42,7.83,7.33,7.5,10.0,10.0,10.0,7.42,82.75,0.1,Blue-Green,6,0,0.0
1227,United States (Hawaii),,2014,Hawaiian Kona,Natural / Dry,7.5,7.75,7.58,7.83,7.92,7.92,7.33,8.0,8.67,7.83,78.33,0.1,Bluish-Green,0,0,0.0
598,United States (Hawaii),,2013,Hawaiian Kona,Natural / Dry,7.58,7.83,7.75,7.75,7.42,8.0,9.33,9.33,10.0,7.75,82.75,0.1,Green,0,0,0.0
1101,United States (Hawaii),,2014,Hawaiian Kona,Natural / Dry,7.5,7.08,7.67,7.67,7.42,7.58,9.33,9.33,9.33,7.33,80.25,0.12,Green,4,13,0.0
487,United States (Hawaii),,2013,Hawaiian Kona,Natural / Dry,7.33,7.75,7.58,7.33,7.83,7.67,10.0,10.0,10.0,7.58,83.08,0.12,Bluish-Green,0,8,0.0
1297,United States (Hawaii),,2014,Hawaiian Kona,Natural / Dry,6.92,6.92,6.92,7.5,7.58,7.17,6.67,6.67,9.33,6.92,72.58,0.11,Green,5,9,0.0
1077,United States (Hawaii),,2013,Hawaiian Kona,Natural / Dry,7.42,7.33,7.33,7.58,7.58,7.42,8.67,10.0,10.0,7.17,80.5,0.11,Green,1,0,0.0
1208,United States (Hawaii),,2013,No informado,Natural / Dry,7.5,6.92,6.92,7.25,7.58,7.42,9.33,9.33,9.33,7.17,78.75,0.12,Green,5,8,0.0
1287,United States (Hawaii),,2014,Hawaiian Kona,Natural / Dry,7.5,7.25,7.0,7.25,7.42,7.33,8.0,8.67,6.67,7.33,74.42,0.0,Blue-Green,1,2,0.0
1232,United States (Hawaii),,2014,Hawaiian Kona,Natural / Dry,7.5,7.5,7.33,7.58,7.5,7.42,8.67,8.67,8.67,7.42,78.25,0.11,Green,2,8,0.0
713,Brazil,1268.0,2015/2016,Bourbon,Natural / Dry,8.25,7.83,7.25,8.33,8.17,8.08,10.0,6.67,10.0,7.75,82.33,0.07,Green,0,0,0.0
252,Brazil,1260.0,2013/2014,Yellow Bourbon,Natural / Dry,7.58,7.83,7.67,7.25,8.0,7.75,10.0,10.0,10.0,7.92,84.0,0.1,Green,0,0,0.0
717,Brazil,1100.0,2014/2015,Bourbon,Natural / Dry,7.75,8.08,7.67,8.08,8.08,8.0,10.0,10.0,6.67,8.0,82.33,0.11,Blue-Green,0,0,0.0
881,Brazil,1260.0,2014/2015,Bourbon,Washed / Wet,7.25,7.42,7.25,7.5,7.5,7.42,10.0,10.0,10.0,7.33,81.67,0.1,Green,0,2,0.0
663,Brazil,1260.0,2013/2014,Yellow Bourbon,Semi-washed / Semi-pulped,7.42,7.5,7.67,7.33,7.42,7.67,10.0,10.0,10.0,7.5,82.5,0.11,Bluish-Green,0,0,0.0
1064,Brazil,1200.0,2014/2015,Bourbon,Semi-washed / Semi-pulped,7.42,7.25,7.33,7.0,7.08,7.25,10.0,10.0,10.0,7.25,80.58,0.0,Green,0,3,0.0
1023,Brazil,1100.0,2014/2015,Bourbon,Natural / Dry,7.17,7.42,7.17,7.25,7.25,7.33,10.0,10.0,10.0,7.33,80.92,0.1,No informado,0,0,0.0
400,Brazil,1227.0,2015/2016,Catuai,Semi-washed / Semi-pulped,7.5,7.83,7.33,7.58,7.58,7.92,10.0,10.0,10.0,7.58,83.33,0.1,Green,1,5,0.0
742,Brazil,1100.0,2014/2015,Bourbon,Natural / Dry,7.75,7.58,7.42,7.42,7.33,7.33,10.0,10.0,10.0,7.42,82.25,0.11,Green,0,0,0.0
941,Brazil,1100.0,2014/2015,Bourbon,Natural / Dry,7.25,7.5,7.42,7.17,7.33,7.33,10.0,10.0,10.0,7.42,81.42,0.0,Green,0,0,0.0
689,Brazil,1260.0,2013/2014,Yellow Bourbon,Natural / Dry,7.25,7.33,7.25,7.5,7.42,7.5,10.0,10.0,10.0,8.17,82.42,0.0,Green,0,0,0.0
283,Brazil,1200.0,2014/2015,Bourbon,Semi-washed / Semi-pulped,7.67,7.67,7.58,7.5,7.83,8.17,10.0,10.0,9.33,8.08,83.83,0.0,Green,0,1,0.0
286,Brazil,1260.0,2013/2014,Yellow Bourbon,Natural / Dry,7.92,7.5,7.33,7.67,8.17,7.5,10.0,10.0,10.0,7.75,83.83,0.1,Green,0,0,0.0
485,Brazil,1200.0,2014/2015,Bourbon,Washed / Wet,7.58,7.83,7.67,7.42,7.42,7.5,10.0,10.0,10.0,7.67,83.08,0.0,Green,0,1,0.0
848,Brazil,1100.0,2014/2015,Bourbon,Natural / Dry,7.33,7.58,7.25,7.17,7.83,7.33,10.0,10.0,10.0,7.33,81.83,0.11,Green,0,0,0.0
1261,India,,2016,No informado,Natural / Dry,7.67,7.33,7.17,6.67,7.17,7.42,9.33,10.0,6.67,7.42,76.83,0.0,Green,0,0,7.0
569,United States,1200.0,2014,Other,Other,7.42,7.58,7.25,7.5,7.75,7.75,10.0,10.0,10.0,7.58,82.83,0.0,No informado,0,9,0.0
606,Panama,1100.0,2012,Catuai,Washed / Wet,7.42,7.42,7.5,7.58,7.5,7.75,10.0,10.0,10.0,7.58,82.75,0.0,Green,0,4,0.0
261,Thailand,1350.0,2015,Catimor,Natural / Dry,7.67,7.75,7.5,7.67,7.67,7.83,10.0,10.0,10.0,7.83,83.92,0.1,Bluish-Green,0,1,0.0
409,Haiti,1280.0,2012,Typica,Washed / Wet,7.58,7.5,7.67,7.5,7.83,7.42,10.0,10.0,10.0,7.83,83.33,0.11,Green,0,4,0.0
1240,China,1200.0,2013,Typica,Washed / Wet,7.33,7.17,6.92,7.08,7.33,7.0,9.33,9.33,9.33,7.17,78.0,0.1,Green,0,28,0.0
1051,Indonesia,1350.0,2015,Mandheling,Semi-washed / Semi-pulped,7.58,7.42,7.0,7.67,7.5,7.5,9.33,9.33,10.0,7.33,80.67,0.13,Blue-Green,0,1,0.0
173,Indonesia,1400.0,2017,Mandheling,Other,7.67,7.67,7.83,7.58,7.83,7.83,10.0,10.0,10.0,8.0,84.42,0.0,Blue-Green,0,3,0.0
837,Indonesia,1250.0,2015,Other,Other,7.75,7.83,7.58,7.75,7.92,7.83,10.0,10.0,10.0,5.17,81.83,0.11,Green,0,0,1.0
359,Indonesia,1500.0,2015,Sumatra,Semi-washed / Semi-pulped,7.25,7.67,7.58,7.92,7.83,7.58,10.0,10.0,10.0,7.67,83.5,0.13,Bluish-Green,0,8,0.0
1117,Nicaragua,,2013,No informado,Natural / Dry,7.25,7.17,6.92,7.25,7.17,7.25,10.0,10.0,10.0,7.08,80.08,0.1,Green,0,4,0.0
1102,Colombia,,2012,Typica,Washed / Wet,7.42,8.0,7.83,7.75,8.08,7.58,8.67,8.67,8.67,7.58,80.25,0.1,Green,0,0,0.0
1296,Colombia,,2013,No informado,Natural / Dry,8.0,7.33,7.75,7.33,7.42,7.67,6.67,6.67,6.67,7.33,72.83,0.0,Bluish-Green,0,15,0.0
1192,Mexico,1200.0,08/09 crop,Typica,No informado,6.75,6.75,6.83,7.25,7.58,7.08,10.0,10.0,10.0,6.92,79.17,0.01,No informado,0,8,0.0
1262,Mexico,1200.0,08/09 crop,Typica,No informado,6.67,6.33,6.42,6.83,7.0,6.92,10.0,10.0,10.0,6.58,76.75,0.0,No informado,0,0,0.0
143,Peru,,No informado,No informado,No informado,7.67,7.83,7.75,7.75,7.92,7.83,10.0,10.0,10.0,7.92,84.67,0.0,No informado,0,3,0.0
190,Ethiopia,1493.0,No informado,No informado,No informado,7.75,7.75,7.92,7.75,7.5,7.92,10.0,10.0,10.0,7.75,84.33,0.0,No informado,0,1,0.0
910,Costa Rica,1600.0,No informado,No informado,No informado,7.25,7.17,7.33,7.33,7.5,7.75,10.0,10.0,10.0,7.25,81.58,0.0,No informado,0,1,0.0
41,Thailand,1300.0,2012,Caturra,Washed / Wet,7.83,8.33,7.83,8.25,7.58,7.92,10.0,10.0,10.0,8.42,86.17,0.1,Green,1,9,0.0
541,Philippines,1600.0,2014,Other,Washed / Wet,8.08,7.5,7.67,7.42,7.33,7.5,10.0,10.0,10.0,7.42,82.92,0.0,Bluish-Green,0,0,0.0
629,Colombia,1800.0,Spring 2011 in Colombia.,No informado,No informado,7.33,7.58,7.42,7.42,7.67,7.67,10.0,10.0,10.0,7.58,82.67,0.11,Green,0,0,0.0
503,Vietnam,1550.0,2014,Caturra,Other,7.75,7.67,7.58,7.58,7.42,7.67,9.33,10.0,10.0,8.0,83.0,0.0,Green,0,0,0.0
445,Vietnam,1550.0,2017,Catimor,Natural / Dry,7.58,7.42,7.08,7.33,7.58,8.58,10.0,10.0,10.0,7.58,83.17,0.07,No informado,0,0,0.0
565,Vietnam,1040.0,2014,Other,Other,7.25,7.58,7.5,7.42,7.75,7.42,10.0,10.0,10.0,7.92,82.83,0.11,Green,11,0,0.0
861,Vietnam,1040.0,2014,Caturra,Washed / Wet,7.0,7.08,7.33,7.5,7.5,7.33,10.0,10.0,10.0,8.0,81.75,0.12,Bluish-Green,0,0,0.0
1106,Vietnam,1550.0,2017,Catimor,Other,7.42,7.25,7.25,7.58,7.42,7.33,8.67,10.0,10.0,7.25,80.17,0.0,No informado,0,2,0.0
555,Vietnam,1040.0,2012,Other,Natural / Dry,7.67,7.33,7.17,7.58,8.08,7.42,10.0,10.0,10.0,7.67,82.92,0.0,No informado,0,17,0.0
791,Vietnam,1040.0,2012,Other,Natural / Dry,7.67,8.0,7.17,7.08,7.67,7.08,10.0,10.0,10.0,7.42,82.08,0.12,Green,0,2,0.0
1104,Guatemala,1400.0,2012,Caturra,Washed / Wet,7.0,7.17,7.33,7.33,7.0,7.17,10.0,10.0,10.0,7.25,80.25,0.11,Green,1,12,0.0
774,Guatemala,1350.0,2012,Caturra,Washed / Wet,7.25,7.75,7.0,7.75,8.17,7.75,10.0,10.0,9.33,7.17,82.17,0.12,No informado,0,2,0.0
311,Guatemala,1300.0,2012,Caturra,Washed / Wet,7.67,7.58,7.58,7.67,7.75,7.75,10.0,10.0,10.0,7.75,83.75,0.11,Bluish-Green,0,1,0.0
330,Guatemala,1450.0,2012,Caturra,Natural / Dry,8.17,8.17,7.83,7.67,8.08,7.75,9.33,9.33,9.33,8.0,83.67,0.11,Green,0,1,0.0
88,Guatemala,1400.0,2012,Caturra,Washed / Wet,8.25,8.0,7.67,7.92,7.75,7.67,10.0,10.0,10.0,7.92,85.17,0.0,No informado,0,7,0.0
1046,Costa Rica,1300.0,2014,Caturra,Washed / Wet,7.33,7.33,7.25,7.25,7.17,7.17,10.0,10.0,10.0,7.25,80.75,0.11,Green,0,0,0.0
1179,Colombia,1200.0,2013,Caturra,Washed / Wet,7.42,7.25,6.75,7.25,7.42,7.25,9.33,9.33,10.0,7.33,79.33,0.0,Green,0,3,0.0
984,Guatemala,1450.0,2012,Caturra,Washed / Wet,7.42,7.25,7.33,7.25,7.25,7.42,10.0,10.0,10.0,7.25,81.17,0.12,Green,0,4,0.0
405,Costa Rica,1300.0,2014,Caturra,Washed / Wet,7.67,7.67,7.42,7.67,7.67,7.67,10.0,10.0,10.0,7.58,83.33,0.12,Green,0,3,0.0
22,Costa Rica,1300.0,2014,Caturra,Washed / Wet,8.08,8.25,8.0,8.17,8.0,8.33,10.0,10.0,10.0,8.33,87.17,0.11,Green,0,2,0.0
1150,Costa Rica,1100.0,2013,Catuai,Washed / Wet,7.58,7.5,7.67,7.75,7.67,7.58,8.0,8.0,10.0,8.0,79.75,0.1,Bluish-Green,0,4,0.0
124,El Salvador,1200.0,2010-2011,No informado,No informado,7.75,8.0,8.0,8.33,7.67,7.92,10.0,10.0,9.33,7.75,84.75,0.15,No informado,0,3,0.0
79,Costa Rica,1300.0,2014,Caturra,Washed / Wet,8.0,7.58,7.58,7.67,8.08,8.5,10.0,10.0,10.0,7.92,85.33,0.1,Bluish-Green,0,2,0.0
191,Guatemala,1387.0,December 2009-March 2010,No informado,No informado,7.5,7.67,7.75,7.67,7.92,7.92,10.0,10.0,10.0,7.92,84.33,0.04,No informado,1,1,0.0
477,El Salvador,1200.0,2010-2011,No informado,No informado,7.42,7.83,8.17,8.08,7.17,7.58,10.0,9.33,10.0,7.58,83.17,0.14,No informado,0,3,0.0
578,El Salvador,1200.0,2010-2011,No informado,No informado,7.75,7.58,7.75,7.75,7.25,7.5,10.0,10.0,10.0,7.25,82.83,0.0,No informado,1,3,0.0
78,Costa Rica,1300.0,2014,Caturra,Washed / Wet,7.92,8.08,8.0,7.92,8.0,8.08,10.0,10.0,9.33,8.0,85.33,0.0,Bluish-Green,0,0,0.0
1048,Haiti,1000.0,2012,Typica,Washed / Wet,7.42,7.0,7.42,7.25,7.08,7.33,10.0,10.0,10.0,7.25,80.75,0.12,Green,0,0,0.0
1298,Haiti,1020.0,2010,No informado,No informado,6.92,6.75,7.08,7.17,7.33,6.67,10.0,5.33,8.67,6.42,72.33,0.08,No informado,1,0,0.0
1308,Haiti,350.0,2012,Typica,Natural / Dry,6.75,6.58,6.42,6.67,7.08,6.67,9.33,6.0,6.0,6.42,67.92,0.14,Blue-Green,8,16,0.0
922,Haiti,825.0,2013,Blue Mountain,Washed / Wet,7.42,7.33,7.25,7.42,7.42,7.33,10.0,10.0,10.0,7.33,81.5,0.11,Bluish-Green,0,0,0.0
1257,Haiti,825.0,2013,Typica,Washed / Wet,6.83,6.83,6.83,6.75,6.92,6.92,9.33,10.0,10.0,6.83,77.25,0.1,No informado,0,1,0.0
17,Indonesia,1500.0,May-August,No informado,No informado,8.33,8.25,7.83,7.75,8.5,8.42,10.0,10.0,10.0,8.33,87.42,0.03,No informado,0,0,0.0
125,Nicaragua,925.0,2009 - 2010,No informado,No informado,7.83,7.58,7.58,7.83,7.75,7.67,10.0,10.0,10.0,8.5,84.75,0.18,No informado,0,2,0.0
75,El Salvador,1400.0,2009 / 2010,No informado,No informado,8.08,7.83,7.83,8.08,7.83,7.83,10.0,10.0,10.0,7.92,85.42,0.01,No informado,0,0,0.0
14,United States (Hawaii),2000.0,Sept 2009 - April 2010,No informado,No informado,8.33,8.42,8.08,8.25,8.25,8.0,10.0,10.0,10.0,8.58,87.92,0.0,No informado,0,2,0.0
396,Mexico,1050.0,January Through April,No informado,No informado,7.25,7.88,7.38,7.63,7.5,8.75,9.0,10.0,10.0,8.0,83.38,0.09,No informado,2,4,0.0
532,Nicaragua,,2009-2010,Caturra,No informado,7.58,7.83,7.75,7.92,7.92,8.08,9.33,9.33,9.33,7.92,83.0,0.07,No informado,0,0,0.0
3,Guatemala,1700.0,No informado,Bourbon,No informado,8.42,8.5,8.42,8.42,8.33,8.42,10.0,10.0,10.0,9.25,89.75,0.0,No informado,0,0,0.0
52,United States (Hawaii),427.0,Fall 2009,No informado,No informado,8.33,8.17,7.75,8.0,7.75,7.83,10.0,10.0,10.0,8.17,86.0,0.0,No informado,0,0,0.0
1076,Brazil,1250.0,2013,Yellow Bourbon,Semi-washed / Semi-pulped,7.42,7.42,7.08,7.33,7.67,7.5,9.33,9.33,10.0,7.42,80.5,0.1,No informado,0,10,0.0
42,Brazil,1200.0,2010,Yellow Bourbon,No informado,8.17,7.92,7.92,7.75,8.33,8.0,10.0,10.0,10.0,8.08,86.17,0.08,No informado,0,2,0.0
43,Brazil,1200.0,2010,Yellow Bourbon,No informado,8.42,7.92,8.0,7.75,7.92,8.0,10.0,10.0,10.0,8.17,86.17,0.01,No informado,0,3,0.0
853,Brazil,1250.0,2012,Bourbon,Semi-washed / Semi-pulped,7.75,7.75,7.5,7.42,7.83,7.75,9.33,9.33,9.33,7.83,81.83,0.12,Bluish-Green,0,0,0.0
513,Brazil,1250.0,2013/2014,Yellow Bourbon,Semi-washed / Semi-pulped,7.75,7.58,7.42,7.67,7.42,7.67,10.0,10.0,10.0,7.5,83.0,0.12,Bluish-Green,0,4,0.0
921,Brazil,1200.0,2014,Yellow Bourbon,Semi-washed / Semi-pulped,7.58,7.5,7.5,7.67,7.67,7.83,9.33,9.33,9.33,7.75,81.5,0.0,Green,1,1,0.0
87,Indonesia,1325.0,2012,Sumatra Lintong,Semi-washed / Semi-pulped,7.75,7.83,7.67,8.0,8.08,7.83,10.0,10.0,10.0,8.0,85.17,0.11,Green,0,3,0.0
63,El Salvador,1500.0,2013,Bourbon,Washed / Wet,7.92,8.17,8.0,7.92,7.75,7.83,10.0,10.0,10.0,8.0,85.58,0.1,Blue-Green,0,3,0.0
228,El Salvador,1500.0,2013,Bourbon,Natural / Dry,8.42,8.08,7.5,7.17,7.58,8.17,9.33,10.0,10.0,7.92,84.17,0.11,Bluish-Green,0,2,0.0
62,Papua New Guinea,1700.0,2012,No informado,Washed / Wet,8.33,8.42,7.83,8.33,8.0,8.25,9.33,9.33,10.0,7.92,85.75,0.12,Bluish-Green,0,1,0.0
293,Thailand,1500.0,2011,No informado,No informado,7.75,7.75,7.58,8.0,7.67,7.58,10.0,10.0,10.0,7.5,83.83,0.02,No informado,0,2,0.0
908,Thailand,1500.0,2011,No informado,No informado,7.08,7.33,7.58,7.58,7.17,7.5,10.0,10.0,10.0,7.33,81.58,0.01,No informado,0,0,0.0
1201,Peru,1400.0,2012,Typica,Washed / Wet,7.67,7.17,7.08,7.25,8.0,7.5,8.67,9.33,9.33,7.0,79.0,0.0,No informado,0,4,0.0
395,Thailand,,No informado,Peaberry,No informado,7.58,7.25,7.5,7.92,7.92,7.42,10.0,10.0,10.0,7.83,83.42,0.11,No informado,0,0,0.0
559,Thailand,,No informado,No informado,No informado,7.42,7.58,7.5,7.17,7.5,8.0,10.0,10.0,10.0,7.75,82.92,0.0,No informado,0,0,0.0
533,Thailand,,No informado,No informado,No informado,7.5,7.25,7.42,7.75,8.17,7.5,10.0,10.0,10.0,7.42,83.0,0.0,No informado,0,0,0.0
803,Thailand,800.0,2013,No informado,Washed / Wet,7.58,7.5,7.42,7.42,7.33,7.42,10.0,10.0,10.0,7.33,82.0,0.11,Green,0,0,0.0
1127,Thailand,800.0,2012,No informado,Washed / Wet,7.33,6.67,7.08,7.42,7.42,7.08,10.0,10.0,10.0,7.0,80.0,0.0,Green,0,0,0.0
322,Thailand,800.0,2014,No informado,Washed / Wet,7.5,7.75,7.58,7.83,7.67,7.58,10.0,10.0,10.0,7.75,83.67,0.12,Bluish-Green,0,0,0.0
1165,Thailand,,No informado,Peaberry,No informado,7.17,7.17,7.0,7.0,7.25,6.92,10.0,10.0,10.0,7.17,79.67,0.0,No informado,1,0,0.0
454,Thailand,800.0,2014,No informado,Washed / Wet,7.67,7.58,7.58,7.75,7.42,7.67,10.0,10.0,10.0,7.5,83.17,0.12,Bluish-Green,0,0,0.0
626,Thailand,,2012,Other,Washed / Wet,7.83,7.33,7.83,7.33,7.58,7.83,10.0,10.0,9.33,7.58,82.67,0.12,Bluish-Green,0,0,0.0
294,Thailand,,2011,No informado,No informado,7.5,7.83,7.58,7.58,7.75,7.83,10.0,10.0,10.0,7.75,83.83,0.01,No informado,0,0,0.0
255,Thailand,,2012,Other,Washed / Wet,7.92,8.17,8.17,8.42,8.08,8.17,8.67,8.67,9.33,8.42,84.0,0.12,Green,0,0,0.0
640,Thailand,800.0,2014,No informado,Washed / Wet,7.75,7.33,7.42,7.67,7.42,7.5,10.0,10.0,10.0,7.5,82.58,0.12,Green,0,0,0.0
1011,Thailand,800.0,2012,No informado,Washed / Wet,7.33,7.42,7.25,7.42,7.25,7.17,10.0,10.0,10.0,7.17,81.0,0.0,Green,0,3,0.0
658,Thailand,800.0,2014,No informado,Washed / Wet,7.5,7.83,7.5,7.75,7.33,7.42,9.33,10.0,10.0,7.83,82.5,0.12,Green,0,0,0.0
909,Thailand,,2011,No informado,No informado,7.33,7.33,7.17,7.5,7.58,7.33,10.0,10.0,10.0,7.33,81.58,0.2,No informado,0,0,0.0
258,Thailand,,2011,No informado,No informado,7.58,7.75,7.58,7.75,7.58,7.75,10.0,10.0,10.0,8.0,84.0,0.06,No informado,0,0,0.0
1148,Thailand,800.0,2013,No informado,Washed / Wet,7.25,7.08,6.92,7.5,7.08,6.92,10.0,10.0,10.0,7.0,79.75,0.12,Green,0,0,0.0
1160,Thailand,800.0,2013,No informado,Washed / Wet,6.92,7.17,6.83,7.42,7.17,7.08,10.0,10.0,10.0,7.08,79.67,0.12,Blue-Green,0,0,0.0
527,Thailand,,2011,No informado,No informado,7.33,7.67,7.58,7.5,7.75,7.67,10.0,10.0,10.0,7.5,83.0,0.28,No informado,0,0,0.0
1030,Thailand,,No informado,Peaberry,No informado,7.67,7.58,7.33,7.33,7.17,7.0,10.0,10.0,10.0,6.83,80.92,0.0,No informado,0,0,0.0
763,Thailand,800.0,2014,No informado,Washed / Wet,7.42,7.42,7.17,7.75,7.25,7.67,10.0,10.0,10.0,7.5,82.17,0.12,Bluish-Green,0,0,0.0
44,Taiwan,1000.0,2015,Bourbon,Semi-washed / Semi-pulped,8.08,8.17,7.75,8.08,7.75,7.83,10.0,10.0,10.0,8.42,86.08,0.12,Green,0,0,0.0
807,Taiwan,650.0,2012,Typica,Washed / Wet,7.42,7.58,7.33,7.42,8.0,7.5,9.33,10.0,10.0,7.42,82.0,0.12,Bluish-Green,0,0,0.0
771,Taiwan,800.0,2012,Typica,Washed / Wet,7.67,7.5,7.5,7.17,7.17,7.58,10.0,10.0,10.0,7.58,82.17,0.0,Green,0,0,0.0
116,Taiwan,350.0,2016,Typica,Natural / Dry,7.92,7.58,7.83,7.83,7.83,7.83,10.0,10.0,10.0,8.0,84.83,0.0,Green,0,0,0.0
1146,Taiwan,1000.0,2014,Typica,Natural / Dry,7.75,7.33,7.17,7.33,7.67,7.83,9.33,9.33,8.67,7.33,79.75,0.0,No informado,0,0,0.0
1218,Taiwan,800.0,2013,Typica,Washed / Wet,6.83,6.75,7.17,7.25,7.0,6.92,10.0,10.0,10.0,6.67,78.58,0.1,Green,0,0,0.0
425,Taiwan,1000.0,2015,Bourbon,Washed / Wet,7.67,7.5,7.5,7.5,7.67,7.83,10.0,10.0,10.0,7.58,83.25,0.1,Blue-Green,0,0,0.0
1005,Taiwan,758.0,2015,Typica,Washed / Wet,7.25,7.17,7.17,7.25,7.5,7.33,10.0,10.0,10.0,7.33,81.0,0.12,Bluish-Green,0,0,0.0
1183,Taiwan,850.0,2014,Typica,Washed / Wet,7.08,6.83,6.83,7.25,7.42,7.08,10.0,10.0,10.0,6.75,79.25,0.11,Blue-Green,0,0,0.0
902,Taiwan,850.0,2014,Typica,Semi-washed / Semi-pulped,7.33,7.17,7.08,7.08,8.33,8.25,10.0,10.0,9.33,7.0,81.58,0.0,No informado,0,0,0.0
845,Taiwan,700.0,2014,Typica,Washed / Wet,7.67,7.33,7.17,7.25,7.75,7.33,10.0,10.0,10.0,7.33,81.83,0.0,Green,0,0,0.0
263,Taiwan,1200.0,2015,Typica,Washed / Wet,7.83,7.75,7.83,7.75,7.83,7.75,9.33,10.0,10.0,7.83,83.92,0.11,Green,0,3,0.0
1147,Taiwan,600.0,2013,Typica,Washed / Wet,7.08,7.08,7.25,7.0,7.17,7.17,10.0,10.0,10.0,7.0,79.75,0.1,Blue-Green,0,0,0.0
483,Taiwan,750.0,2015,Typica,Natural / Dry,7.83,7.92,7.5,7.83,7.67,7.25,9.33,10.0,10.0,7.75,83.08,0.0,Green,0,0,0.0
192,Taiwan,1000.0,2016,Typica,Washed / Wet,7.92,7.75,7.75,7.67,7.67,7.83,10.0,10.0,10.0,7.67,84.25,0.12,Blue-Green,0,0,0.0
898,Taiwan,800.0,2016,Typica,Washed / Wet,7.42,7.42,7.25,7.67,7.33,7.25,10.0,10.0,10.0,7.25,81.58,0.1,Blue-Green,0,0,0.0
299,Taiwan,750.0,2016,Typica,Natural / Dry,7.67,7.67,7.58,7.58,7.67,7.83,10.0,10.0,10.0,7.75,83.75,0.0,Green,0,0,0.0
281,Taiwan,525.0,2014,Typica,Washed / Wet,7.67,7.75,7.67,7.75,7.42,7.75,10.0,10.0,10.0,7.83,83.83,0.0,Green,0,1,0.0
802,Taiwan,600.0,2013,Typica,Washed / Wet,7.33,7.5,7.17,7.42,7.5,7.33,10.0,10.0,10.0,7.75,82.0,0.09,Green,0,0,0.0
963,Taiwan,680.0,2015,Typica,Natural / Dry,7.83,7.75,7.67,7.83,7.83,7.75,9.33,10.0,10.0,5.25,81.25,0.12,Green,0,0,0.0
635,Taiwan,1050.0,2016,Typica,Pulped natural / honey,7.67,7.42,7.5,7.42,7.58,7.5,10.0,10.0,10.0,7.5,82.58,0.11,Green,0,0,5.0
1250,Taiwan,775.0,2012,Typica,Washed / Wet,7.17,6.75,6.58,7.33,7.33,7.17,9.33,9.33,10.0,6.67,77.67,0.11,Bluish-Green,0,0,0.0
109,Taiwan,800.0,2015,Typica,Semi-washed / Semi-pulped,7.67,7.83,8.0,7.58,8.0,7.92,10.0,10.0,10.0,7.92,84.92,0.11,Green,0,0,0.0
320,Taiwan,1200.0,2015,Caturra,Natural / Dry,7.5,7.67,7.33,7.92,7.83,7.67,10.0,10.0,10.0,7.75,83.67,0.1,Bluish-Green,0,0,0.0
234,Taiwan,968.0,2016,Typica,Washed / Wet,7.58,7.67,7.67,7.67,7.75,7.83,10.0,10.0,10.0,7.92,84.08,0.1,Bluish-Green,0,4,0.0
586,Taiwan,650.0,2016,Yellow Bourbon,Natural / Dry,7.83,7.67,7.33,7.67,7.58,7.67,9.33,10.0,10.0,7.67,82.75,0.0,Green,0,0,0.0
30,Taiwan,1200.0,2015,Sumatra,Pulped natural / honey,8.0,8.0,8.0,8.25,8.0,8.17,10.0,10.0,10.0,8.17,86.58,0.0,Green,0,0,0.0
1236,Taiwan,650.0,2016,Yellow Bourbon,Washed / Wet,7.5,7.08,7.33,7.17,7.5,7.5,6.67,10.0,10.0,7.25,78.0,0.0,Green,3,4,0.0
537,Taiwan,350.0,2016,Caturra,Natural / Dry,7.17,7.83,7.25,7.67,7.67,7.58,10.0,10.0,10.0,7.75,82.92,0.09,Green,31,0,0.0
920,Taiwan,900.0,2014,Typica,Washed / Wet,7.42,7.33,7.67,7.33,7.42,7.5,10.0,10.0,9.33,7.5,81.5,0.11,Blue-Green,0,0,0.0
1251,United States (Hawaii),,2013,No informado,Natural / Dry,7.58,7.67,7.58,7.67,7.42,7.42,9.33,9.33,6.0,7.58,77.58,0.12,Green,1,5,0.0
38,United States (Hawaii),,2010,No informado,No informado,8.25,8.42,8.08,7.75,7.67,7.83,10.0,10.0,10.0,8.25,86.25,0.0,No informado,2,1,0.0
416,United States (Hawaii),,No informado,No informado,No informado,7.58,7.67,7.58,7.5,7.83,7.67,10.0,10.0,10.0,7.5,83.33,0.0,No informado,0,0,0.0
1114,United States (Hawaii),,No informado,No informado,No informado,7.58,7.5,7.33,7.33,7.67,7.33,9.33,9.33,9.33,7.42,80.17,0.05,No informado,12,1,0.0
745,United States (Hawaii),,2013,Hawaiian Kona,Natural / Dry,7.33,7.42,7.5,7.67,7.5,7.42,10.0,10.0,10.0,7.42,82.25,0.0,Bluish-Green,0,1,0.0
177,United States (Hawaii),,2012,Hawaiian Kona,Natural / Dry,7.92,7.92,7.5,7.83,7.5,7.92,10.0,10.0,10.0,7.83,84.42,0.11,Blue-Green,0,1,0.0
1093,United States (Hawaii),,2012,Hawaiian Kona,Washed / Wet,7.17,7.5,6.92,7.33,7.67,7.33,9.33,10.0,10.0,7.08,80.33,0.12,Green,5,7,0.0
852,United States (Hawaii),,2012,Hawaiian Kona,Natural / Dry,7.83,7.83,7.83,8.0,7.83,7.83,10.0,6.67,10.0,8.0,81.83,0.0,Bluish-Green,1,1,0.0
65,United States (Hawaii),,2012,Hawaiian Kona,Natural / Dry,7.83,8.0,7.92,7.75,8.08,8.0,10.0,10.0,10.0,8.0,85.58,0.0,No informado,0,1,0.0
630,United States (Hawaii),,No informado,No informado,No informado,7.83,7.67,7.5,7.67,7.5,7.58,10.0,10.0,9.33,7.58,82.67,0.03,No informado,2,0,0.0
105,United States (Hawaii),,No informado,No informado,No informado,7.75,7.92,7.75,7.75,8.0,8.0,10.0,10.0,10.0,7.83,85.0,0.0,No informado,0,1,0.0
335,United States (Hawaii),,No informado,No informado,No informado,7.75,8.0,7.92,8.08,7.75,8.0,9.33,9.33,9.33,8.17,83.67,0.0,No informado,0,0,0.0
37,United States (Hawaii),,2012,Hawaiian Kona,Natural / Dry,8.08,8.17,8.0,7.92,7.92,7.83,10.0,10.0,10.0,8.33,86.25,0.0,No informado,1,4,0.0
859,United States (Hawaii),,No informado,No informado,No informado,7.25,7.58,7.83,7.67,7.75,7.75,9.33,9.33,10.0,7.33,81.83,0.02,No informado,3,12,0.0
605,United States (Hawaii),,2012,Hawaiian Kona,Washed / Wet,7.25,7.75,7.5,7.83,7.67,7.67,9.33,10.0,10.0,7.75,82.75,0.12,Green,0,0,0.0
787,United States (Hawaii),,2012,Hawaiian Kona,Natural / Dry,7.25,7.58,7.58,7.25,7.5,7.42,10.0,10.0,10.0,7.5,82.08,0.11,Bluish-Green,0,0,0.0
492,United States (Hawaii),,2012,Hawaiian Kona,Washed / Wet,7.33,7.58,7.58,7.92,7.67,7.58,10.0,10.0,10.0,7.42,83.08,0.12,Green,0,0,0.0
934,United States (Hawaii),,No informado,No informado,No informado,7.33,7.33,7.33,7.5,7.5,7.83,9.33,10.0,10.0,7.33,81.5,0.0,No informado,0,17,0.0
529,United States (Hawaii),,No informado,No informado,No informado,7.83,7.83,7.67,7.83,7.92,7.83,9.33,9.33,9.33,8.08,83.0,0.0,No informado,0,0,0.0
374,United States (Hawaii),,No informado,No informado,No informado,7.5,7.67,7.58,7.92,7.58,7.67,10.0,10.0,10.0,7.58,83.5,0.01,No informado,0,0,0.0
96,United States (Hawaii),,No informado,No informado,No informado,7.5,7.92,8.25,7.83,7.92,7.75,10.0,10.0,10.0,7.92,85.08,0.0,No informado,0,0,0.0
73,United States (Hawaii),,2012,Hawaiian Kona,Natural / Dry,7.92,7.92,7.75,7.92,7.75,7.92,10.0,10.0,10.0,8.25,85.42,0.0,No informado,4,6,0.0
1049,United States (Hawaii),,2011,Arusha,Natural / Dry,7.08,7.33,7.17,7.25,7.33,7.67,10.0,10.0,10.0,6.92,80.75,0.13,Bluish-Green,0,6,0.0
489,United States (Hawaii),,2012,Hawaiian Kona,Natural / Dry,7.83,7.83,7.33,7.17,7.75,7.67,10.0,10.0,10.0,7.5,83.08,0.1,Bluish-Green,0,0,0.0
431,United States (Hawaii),,2012,Hawaiian Kona,Natural / Dry,7.58,7.75,7.83,8.0,8.08,7.67,9.33,10.0,9.33,7.67,83.25,0.11,Bluish-Green,0,4,0.0
309,United States (Hawaii),,2013,Hawaiian Kona,Natural / Dry,7.25,7.42,7.67,7.58,7.83,8.25,10.0,10.0,10.0,7.75,83.75,0.0,Bluish-Green,0,0,0.0
1221,United States (Hawaii),,No informado,No informado,No informado,7.92,6.83,7.08,7.42,6.75,7.33,8.67,9.33,10.0,7.25,78.58,0.0,No informado,0,0,0.0
391,United States (Hawaii),,2012,Hawaiian Kona,Natural / Dry,7.42,7.75,7.67,7.58,7.67,7.67,10.0,10.0,10.0,7.67,83.42,0.0,Green,0,2,0.0
607,United States (Hawaii),,No informado,No informado,No informado,7.75,7.67,7.5,7.83,7.17,7.42,10.0,10.0,10.0,7.42,82.75,0.0,No informado,0,2,0.0
1144,United States (Hawaii),,2012,Hawaiian Kona,Natural / Dry,7.58,7.08,6.83,7.17,7.5,7.17,9.33,10.0,10.0,7.17,79.83,0.12,Blue-Green,7,10,0.0
895,United States (Hawaii),,2012,Hawaiian Kona,Washed / Wet,7.42,7.33,7.33,7.33,7.17,7.83,10.0,10.0,10.0,7.25,81.67,0.1,Green,1,1,0.0
491,United States (Hawaii),,2012,Hawaiian Kona,Natural / Dry,7.67,7.58,7.5,7.67,7.92,8.0,9.33,9.33,10.0,8.08,83.08,0.0,No informado,1,4,0.0
394,United States (Hawaii),,2010,No informado,No informado,7.5,7.92,7.42,7.67,7.83,7.58,10.0,10.0,10.0,7.5,83.42,0.01,No informado,0,0,0.0
557,United States (Hawaii),,2012,Hawaiian Kona,Washed / Wet,7.5,7.5,7.5,7.42,7.67,7.83,10.0,10.0,10.0,7.5,82.92,0.1,Green,0,0,0.0
238,United States (Hawaii),,2012,Hawaiian Kona,Natural / Dry,7.83,7.75,7.83,7.83,7.42,8.08,9.33,10.0,10.0,8.0,84.08,0.11,Green,1,9,0.0
94,United States (Hawaii),,2010-2011,No informado,No informado,8.08,8.17,7.92,8.0,8.08,8.0,9.33,9.33,10.0,8.17,85.08,0.01,No informado,1,7,0.0
998,United States (Hawaii),,2012,Hawaiian Kona,Washed / Wet,7.42,7.42,7.25,7.58,6.92,7.17,10.0,10.0,10.0,7.33,81.08,0.06,Blue-Green,0,0,0.0
314,United States (Hawaii),,No informado,No informado,No informado,7.83,7.67,7.75,7.67,7.58,7.5,10.0,10.0,10.0,7.75,83.75,0.0,No informado,0,0,0.0
415,United States (Hawaii),,No informado,No informado,No informado,8.08,7.83,7.83,7.75,7.67,7.58,9.33,10.0,9.33,7.92,83.33,0.01,No informado,0,0,0.0
412,United States (Hawaii),,2012,Hawaiian Kona,Natural / Dry,7.92,7.5,7.58,7.83,7.67,7.67,9.33,10.0,10.0,7.83,83.33,0.1,Bluish-Green,0,4,0.0
206,United States (Hawaii),,2012,Hawaiian Kona,Natural / Dry,7.33,7.92,7.92,7.92,7.92,8.08,10.0,10.0,9.33,7.83,84.25,0.11,Bluish-Green,1,1,0.0
950,United States (Hawaii),,No informado,Peaberry,No informado,7.83,7.0,7.0,7.58,7.58,7.5,10.0,10.0,10.0,6.92,81.42,0.01,No informado,0,10,0.0
530,United States (Hawaii),,No informado,No informado,No informado,7.5,7.58,7.42,7.58,7.58,7.67,10.0,10.0,10.0,7.67,83.0,0.0,No informado,0,1,0.0
1292,United States (Hawaii),,2012,Hawaiian Kona,Natural / Dry,7.17,7.17,7.17,7.58,7.67,6.92,9.33,6.67,6.67,7.33,73.67,0.0,No informado,9,17,0.0
1139,United States (Hawaii),,No informado,No informado,No informado,7.5,7.42,7.58,7.42,7.5,7.58,8.67,8.67,10.0,7.58,79.92,0.05,No informado,3,0,0.0
1067,United States (Hawaii),,No informado,No informado,No informado,7.42,7.58,7.5,7.92,7.83,7.83,8.67,8.67,9.33,7.83,80.58,0.0,No informado,0,0,0.0
1233,United States (Hawaii),,2012,Hawaiian Kona,Natural / Dry,7.42,7.33,7.33,7.5,7.67,7.75,8.0,8.67,9.33,7.25,78.25,0.11,Green,4,31,0.0
1036,United States (Hawaii),,2012,Hawaiian Kona,Washed / Wet,7.42,7.33,7.0,7.25,7.33,7.5,10.0,10.0,10.0,7.0,80.83,0.1,Blue-Green,2,0,0.0
793,United States (Hawaii),,2012,Hawaiian Kona,Washed / Wet,7.33,7.5,7.33,7.58,7.08,7.83,10.0,10.0,10.0,7.42,82.08,0.1,Green,0,2,0.0
986,United States (Hawaii),,No informado,No informado,No informado,7.25,7.75,7.67,7.67,7.42,7.67,8.67,9.33,10.0,7.75,81.17,0.04,No informado,3,0,0.0
118,United States (Hawaii),,2012,Hawaiian Kona,Natural / Dry,7.67,7.75,7.75,7.75,7.83,8.0,10.0,10.0,10.0,8.08,84.83,0.0,No informado,3,15,0.0
673,United States (Hawaii),,2012,Hawaiian Kona,Washed / Wet,7.33,7.42,7.33,7.75,7.42,7.67,10.0,10.0,10.0,7.58,82.5,0.12,Green,2,3,0.0
404,Mexico,1100.0,2013,Other,Washed / Wet,7.67,7.67,7.58,7.67,7.5,7.58,10.0,10.0,10.0,7.67,83.33,0.12,Green,0,0,0.0
768,Mexico,1100.0,2013,Other,Washed / Wet,7.42,7.33,7.17,7.42,7.33,8.17,10.0,10.0,10.0,7.33,82.17,0.12,Green,0,0,0.0
627,Mexico,1100.0,2012,Other,Washed / Wet,7.58,7.58,7.42,7.58,7.42,7.5,10.0,10.0,10.0,7.58,82.67,0.11,No informado,0,2,0.0
1136,Mexico,1100.0,2012,Catuai,Washed / Wet,7.17,7.08,7.08,7.08,7.5,7.33,9.33,10.0,10.0,7.33,79.92,0.11,Green,0,3,0.0
1157,Mexico,1100.0,2012,Typica,Washed / Wet,7.25,6.83,6.92,7.08,7.25,7.08,10.0,10.0,10.0,7.33,79.75,0.12,No informado,0,7,0.0
1279,Mexico,1100.0,2012,Other,Washed / Wet,7.25,6.83,6.67,7.08,7.17,6.83,10.0,6.67,10.0,6.67,75.17,0.12,No informado,0,8,0.0
1219,Mexico,1400.0,2012,Typica,Washed / Wet,7.0,7.0,6.75,7.33,6.92,6.92,10.0,10.0,10.0,6.67,78.58,0.13,Green,0,1,0.0
1155,Mexico,1050.0,2012,Typica,Washed / Wet,7.33,7.25,7.0,7.08,7.08,7.0,10.0,10.0,10.0,7.0,79.75,0.1,Green,1,22,0.0
349,Mexico,1000.0,2012,Typica,Washed / Wet,7.83,7.67,7.58,7.58,7.67,7.58,10.0,10.0,10.0,7.67,83.58,0.12,No informado,0,2,0.0
1164,Mexico,1264.0,2012,Mundo Novo,Washed / Wet,6.92,7.17,7.17,7.17,7.08,7.08,10.0,10.0,10.0,7.08,79.67,0.0,No informado,0,9,0.0
575,Mexico,1250.0,2012,Bourbon,Washed / Wet,7.67,7.58,7.42,7.75,7.42,7.42,10.0,10.0,10.0,7.58,82.83,0.12,Blue-Green,0,7,0.0
925,Mexico,1600.0,2012,Typica,Washed / Wet,7.58,7.42,7.25,7.42,7.33,7.33,10.0,10.0,10.0,7.17,81.5,0.12,Green,0,5,0.0
1085,Mexico,1050.0,2012,Typica,Washed / Wet,6.92,7.17,7.08,7.5,7.33,7.17,10.0,10.0,10.0,7.25,80.42,0.1,Green,2,4,0.0
273,Mexico,1500.0,2012,Typica,Washed / Wet,7.5,7.67,7.58,7.83,7.75,7.75,10.0,10.0,10.0,7.83,83.92,0.11,No informado,0,2,0.0
209,Mexico,1400.0,2012,Bourbon,Washed / Wet,7.83,7.92,7.67,7.75,7.5,7.75,10.0,10.0,10.0,7.83,84.25,0.1,Bluish-Green,0,4,0.0
725,Mexico,1300.0,2013,Typica,Washed / Wet,7.67,7.5,7.42,7.5,7.42,7.42,10.0,10.0,10.0,7.42,82.33,0.12,Green,0,3,0.0
1205,Mexico,1300.0,2013,Typica,Washed / Wet,7.33,7.0,6.75,7.08,7.17,7.25,9.33,10.0,10.0,7.0,78.92,0.12,Green,0,8,0.0
521,Mexico,1200.0,2012,Bourbon,Washed / Wet,7.5,7.67,7.5,7.5,7.58,7.58,10.0,10.0,10.0,7.67,83.0,0.11,Green,5,8,0.0
168,Mexico,1500.0,2012,Typica,Washed / Wet,7.92,7.83,7.75,7.75,7.75,7.83,10.0,10.0,10.0,7.67,84.5,0.11,No informado,0,4,0.0
893,Mexico,1400.0,2012,Bourbon,Washed / Wet,7.58,7.42,7.25,7.58,7.25,7.17,10.0,10.0,10.0,7.42,81.67,0.11,Green,0,2,0.0
577,Mexico,1380.0,2012,Typica,Washed / Wet,7.58,7.58,7.5,7.42,7.67,7.58,10.0,10.0,10.0,7.5,82.83,0.11,No informado,0,2,0.0
971,Mexico,1500.0,2012,Typica,Washed / Wet,7.42,7.42,7.33,7.33,7.5,7.42,9.33,10.0,10.0,7.5,81.25,0.12,Green,0,1,0.0
291,Mexico,1300.0,2012,Pacas,Natural / Dry,7.67,7.58,7.5,7.75,7.75,7.75,10.0,10.0,10.0,7.83,83.83,0.11,No informado,0,4,0.0
471,Mexico,1380.0,2012,Typica,Washed / Wet,7.5,7.75,7.58,7.58,7.67,7.5,10.0,10.0,10.0,7.58,83.17,0.11,No informado,0,5,0.0
924,Mexico,1150.0,2013,Typica,Washed / Wet,7.33,7.33,7.17,7.42,7.5,7.5,10.0,10.0,10.0,7.25,81.5,0.13,Green,0,2,0.0
1035,Mexico,100.0,2012,Bourbon,Washed / Wet,7.5,7.17,7.33,7.25,7.17,7.17,10.0,10.0,10.0,7.25,80.83,0.13,Green,0,1,0.0
855,Mexico,1500.0,2012,Bourbon,Washed / Wet,7.83,7.33,7.25,7.58,7.25,7.33,10.0,10.0,10.0,7.25,81.83,0.12,Green,0,2,0.0
1135,Mexico,1100.0,2012,Bourbon,Washed / Wet,7.5,7.17,7.0,7.17,7.25,7.08,10.0,10.0,10.0,6.75,79.92,0.0,No informado,0,0,0.0
892,Mexico,1200.0,2012,Bourbon,Washed / Wet,7.5,7.42,7.33,7.42,7.42,7.42,10.0,10.0,10.0,7.17,81.67,0.11,Green,0,2,0.0
701,Mexico,1450.0,2012,Typica,Washed / Wet,7.83,7.5,7.42,7.67,7.17,7.33,10.0,10.0,10.0,7.5,82.42,0.12,Bluish-Green,0,0,0.0
1291,Mexico,1250.0,2012,Typica,Washed / Wet,7.67,7.0,7.17,7.58,7.33,7.33,10.0,2.67,10.0,7.08,73.83,0.12,Green,0,19,0.0
1166,Mexico,1250.0,2012,Typica,Washed / Wet,7.08,7.0,6.92,7.33,7.25,7.08,10.0,10.0,10.0,6.92,79.58,0.12,No informado,0,11,0.0
994,Mexico,1650.0,2012,Typica,Washed / Wet,7.25,7.42,7.33,7.33,7.17,7.33,10.0,10.0,10.0,7.25,81.08,0.13,No informado,5,16,0.0
699,Mexico,1150.0,2012,Caturra,Washed / Wet,7.58,7.33,7.33,7.58,7.5,7.5,10.0,10.0,10.0,7.58,82.42,0.11,Green,0,0,0.0
668,Mexico,1100.0,2012,Typica,Washed / Wet,7.67,7.5,7.33,7.67,7.5,7.33,10.0,10.0,10.0,7.5,82.5,0.12,Green,0,5,0.0
600,Mexico,1550.0,2013,Typica,Washed / Wet,7.58,7.58,7.5,7.5,7.5,7.5,10.0,10.0,10.0,7.58,82.75,0.12,Green,0,6,0.0
693,Mexico,1560.0,2013,Typica,Washed / Wet,7.5,7.42,7.42,7.67,7.42,7.58,10.0,10.0,10.0,7.42,82.42,0.12,Green,0,5,0.0
1286,Mexico,1700.0,2013,Typica,Washed / Wet,7.08,7.0,6.83,7.5,7.33,6.83,8.0,7.33,10.0,6.75,74.67,0.12,Green,0,7,0.0
465,Mexico,1500.0,2013,Typica,Washed / Wet,7.75,7.58,7.58,7.58,7.5,7.42,10.0,10.0,10.0,7.75,83.17,0.11,Green,0,2,0.0
602,Mexico,1200.0,2012,Typica,Natural / Dry,8.08,8.17,8.0,8.0,7.83,7.92,6.67,10.0,10.0,8.08,82.75,0.12,No informado,1,4,0.0
239,Mexico,1480.0,2012,Typica,Washed / Wet,7.67,7.75,7.67,7.75,7.67,7.75,10.0,10.0,10.0,7.83,84.08,0.11,Green,1,10,0.0
1224,Mexico,1200.0,2012,Caturra,Washed / Wet,7.25,7.17,7.0,6.83,7.58,7.08,8.67,10.0,10.0,6.92,78.5,0.13,Green,1,3,0.0
888,Mexico,1400.0,2013,Typica,Washed / Wet,7.5,7.42,7.08,7.58,7.33,7.33,10.0,10.0,10.0,7.42,81.67,0.12,Green,0,6,0.0
1151,Mexico,1400.0,2013,Typica,Washed / Wet,7.58,7.08,7.0,7.0,7.5,6.92,10.0,10.0,10.0,6.67,79.75,0.12,Green,0,4,0.0
905,Mexico,1400.0,2013,Typica,Washed / Wet,7.67,7.5,7.42,7.5,6.75,7.42,10.0,10.0,10.0,7.33,81.58,0.12,Green,0,9,0.0
1162,Mexico,1400.0,2013,Typica,Washed / Wet,7.42,7.25,6.83,7.58,7.17,6.58,10.0,10.0,10.0,6.83,79.67,0.12,Green,0,6,0.0
1245,Mexico,1248.0,2012,Typica,Washed / Wet,7.42,7.25,7.0,7.0,7.25,7.08,8.0,10.0,10.0,6.92,77.92,0.11,Green,0,3,0.0
1174,Mexico,1100.0,2012,Typica,Washed / Wet,7.25,7.33,7.0,7.25,7.17,7.17,9.33,10.0,10.0,7.0,79.5,0.12,Bluish-Green,0,5,0.0
1092,Mexico,940.0,2012,Typica,Semi-washed / Semi-pulped,7.25,7.08,7.08,7.33,7.33,7.17,10.0,10.0,10.0,7.08,80.33,0.11,Green,0,21,0.0
369,Mexico,940.0,2012,Typica,Semi-washed / Semi-pulped,7.67,7.75,7.67,7.75,7.58,7.5,10.0,10.0,10.0,7.58,83.5,0.11,Green,0,12,0.0
894,Mexico,940.0,2012,Caturra,Semi-washed / Semi-pulped,7.75,7.58,7.25,7.17,7.58,7.33,9.33,10.0,10.0,7.67,81.67,0.11,Green,0,4,0.0
865,Mexico,1250.0,2012,Mundo Novo,Washed / Wet,7.42,7.5,7.17,7.67,7.33,7.42,10.0,10.0,10.0,7.25,81.75,0.13,Green,0,23,0.0
928,Mexico,1250.0,2012,Bourbon,Washed / Wet,7.42,7.42,7.33,7.17,7.25,7.42,10.0,10.0,10.0,7.5,81.5,0.13,Green,0,5,0.0
112,Mexico,1200.0,2012,Typica,Semi-washed / Semi-pulped,7.75,8.0,7.75,7.83,7.5,7.92,10.0,10.0,10.0,8.17,84.92,0.11,No informado,0,0,0.0
1211,Mexico,1250.0,2012,Typica,Semi-washed / Semi-pulped,7.25,7.33,7.17,7.25,7.08,7.0,8.67,10.0,10.0,7.0,78.75,0.14,No informado,0,0,0.0
694,Mexico,1400.0,2012,Typica,Semi-washed / Semi-pulped,7.42,7.58,7.5,7.42,7.58,7.5,10.0,10.0,10.0,7.42,82.42,0.13,Green,0,2,0.0
207,Mexico,1450.0,2012,Typica,Semi-washed / Semi-pulped,7.83,7.92,7.67,7.83,7.5,7.75,10.0,10.0,10.0,7.75,84.25,0.12,Green,0,1,0.0
1214,Mexico,1150.0,2012,Caturra,Washed / Wet,6.92,6.92,6.67,7.25,7.17,6.92,10.0,10.0,10.0,6.83,78.67,0.13,No informado,0,2,0.0
983,Mexico,1800.0,2012,Typica,Natural / Dry,7.42,7.25,7.08,7.75,7.42,7.17,10.0,10.0,10.0,7.08,81.17,0.13,Green,3,7,0.0
789,Mexico,1800.0,2012,Typica,Washed / Wet,7.5,7.42,7.42,7.5,7.25,7.5,10.0,10.0,10.0,7.5,82.08,0.13,Green,3,13,0.0
960,Mexico,1800.0,2012,Typica,Washed / Wet,7.58,7.42,7.25,7.33,7.25,7.25,10.0,10.0,10.0,7.25,81.33,0.13,Green,4,13,0.0
690,Mexico,1170.0,2013,Bourbon,Washed / Wet,7.5,7.58,7.5,7.92,7.42,7.67,9.33,10.0,10.0,7.5,82.42,0.12,Green,0,0,0.0
696,Mexico,1170.0,2012,Caturra,Washed / Wet,7.75,7.33,7.25,7.58,7.58,7.33,10.0,10.0,10.0,7.58,82.42,0.13,Green,0,1,0.0
368,Mexico,1170.0,2012,Bourbon,Natural / Dry,7.83,7.58,7.25,7.5,7.5,7.42,10.0,10.0,10.0,8.42,83.5,0.13,Green,0,14,0.0
748,Mexico,1170.0,2012,Bourbon,Washed / Wet,7.5,7.58,7.42,7.67,7.33,7.42,10.0,10.0,10.0,7.33,82.25,0.13,Green,0,3,0.0
729,Mexico,1170.0,2012,Bourbon,Washed / Wet,7.67,7.58,7.5,7.58,7.5,7.5,10.0,10.0,10.0,7.0,82.33,0.13,Green,0,9,0.0
208,Mexico,1170.0,2012,Bourbon,Washed / Wet,7.83,7.83,7.75,7.67,7.83,7.58,10.0,10.0,10.0,7.75,84.25,0.12,Green,0,0,0.0
272,Mexico,900.0,2012,Typica,Washed / Wet,7.67,7.75,7.58,7.67,7.75,7.83,10.0,10.0,10.0,7.67,83.92,0.12,Blue-Green,10,32,0.0
23,Mexico,1320.0,2012,Other,Washed / Wet,8.17,8.25,8.17,8.0,7.83,8.17,10.0,10.0,10.0,8.58,87.17,0.13,Green,0,0,0.0
775,Mexico,1000.0,2012,Typica,Washed / Wet,7.5,7.58,7.25,7.5,7.5,7.33,10.0,10.0,10.0,7.5,82.17,0.12,Green,0,4,0.0
520,Mexico,1200.0,2012,Typica,Semi-washed / Semi-pulped,7.67,7.83,7.5,7.58,7.58,7.67,9.33,10.0,10.0,7.83,83.0,0.11,Green,0,7,0.0
997,Mexico,1200.0,2012,Typica,Washed / Wet,7.42,7.33,7.25,7.42,7.17,7.25,10.0,10.0,10.0,7.25,81.08,0.1,Green,0,1,0.0
1197,Mexico,1200.0,2012,Typica,Washed / Wet,7.17,7.25,7.25,7.17,7.25,7.08,9.33,9.33,10.0,7.25,79.08,0.1,Bluish-Green,0,0,0.0
432,Mexico,,2012,Mundo Novo,Washed / Wet,7.75,7.58,7.58,7.58,7.5,7.58,10.0,10.0,10.0,7.67,83.25,0.13,Green,0,7,0.0
1122,Mexico,1300.0,2012,Typica,Washed / Wet,7.25,7.08,7.0,7.17,7.33,7.17,10.0,10.0,10.0,7.08,80.08,0.14,Green,1,17,0.0
290,Mexico,1218.0,2012,Bourbon,Natural / Dry,7.67,8.0,7.67,7.42,7.67,7.5,10.0,10.0,10.0,7.92,83.83,0.1,Green,0,2,0.0
1280,Mexico,1280.0,2012,Typica,Washed / Wet,7.17,7.17,6.83,7.17,7.42,6.67,8.67,7.33,10.0,6.75,75.17,0.13,Bluish-Green,23,29,0.0
827,Mexico,1300.0,2013,Bourbon,Washed / Wet,7.58,7.5,7.25,7.58,7.5,7.25,10.0,10.0,10.0,7.25,81.92,0.12,Green,0,6,0.0
1133,Mexico,1300.0,2013,Bourbon,Washed / Wet,7.33,7.08,7.08,7.33,7.42,7.17,9.33,10.0,10.0,7.17,79.92,0.12,Green,0,4,0.0
430,Mexico,1300.0,2013,Bourbon,Washed / Wet,7.58,7.75,7.5,7.5,7.58,7.58,10.0,10.0,10.0,7.75,83.25,0.12,Green,0,6,0.0
1153,Mexico,1300.0,2013,Bourbon,Washed / Wet,7.25,7.08,7.0,7.17,7.17,7.08,10.0,10.0,10.0,7.0,79.75,0.12,Green,0,5,0.0
749,Mexico,1250.0,2012,Typica,Washed / Wet,7.67,7.58,7.33,7.5,7.42,7.42,10.0,10.0,10.0,7.33,82.25,0.12,Green,0,13,0.0
650,Mexico,1250.0,2012,Typica,Washed / Wet,7.5,7.58,7.5,7.5,7.42,7.5,10.0,10.0,10.0,7.58,82.58,0.1,Green,0,6,0.0
1235,Mexico,1050.0,2012,Typica,Washed / Wet,7.08,6.83,6.67,7.25,7.25,6.92,10.0,9.33,10.0,6.75,78.08,0.11,Green,0,3,0.0
831,Mexico,1000.0,2012,Bourbon,Washed / Wet,7.67,7.42,7.33,7.83,7.5,7.5,9.33,10.0,10.0,7.33,81.92,0.12,Green,0,0,0.0
433,Mexico,1000.0,2012,Caturra,Washed / Wet,7.75,7.75,7.42,7.92,7.33,7.5,10.0,10.0,10.0,7.58,83.25,0.12,Blue-Green,0,0,0.0
700,Mexico,1250.0,2012,Bourbon,Washed / Wet,7.67,7.58,7.33,7.42,7.58,7.33,10.0,10.0,10.0,7.5,82.42,0.13,No informado,0,4,0.0
1202,Mexico,1300.0,2012,Mundo Novo,Natural / Dry,6.75,7.08,6.67,7.25,7.17,7.08,10.0,10.0,10.0,7.0,79.0,0.12,No informado,0,12,0.0
891,Mexico,1400.0,2012,Bourbon,Washed / Wet,7.67,7.25,7.17,7.75,7.5,7.25,10.0,10.0,10.0,7.08,81.67,0.11,Green,0,4,0.0
927,Mexico,1000.0,2012,Typica,Semi-washed / Semi-pulped,7.33,7.5,7.33,7.33,7.33,7.42,10.0,10.0,10.0,7.25,81.5,0.11,Green,0,6,0.0
926,Mexico,1100.0,2012,Catuai,Washed / Wet,7.42,7.25,7.17,7.42,7.17,8.0,10.0,10.0,10.0,7.08,81.5,0.12,Green,0,10,0.0
1307,Mexico,900.0,2012,Bourbon,Washed / Wet,7.08,6.83,6.25,7.42,7.25,6.75,10.0,0.0,10.0,6.75,68.33,0.11,No informado,0,20,0.0
1223,Mexico,1400.0,2012,Typica,Washed / Wet,7.08,6.83,6.83,7.0,7.0,6.92,10.0,10.0,10.0,6.83,78.5,0.12,No informado,0,14,0.0
1252,Mexico,1300.0,2012,Typica,Washed / Wet,7.17,6.75,6.58,6.75,6.83,6.75,10.0,10.0,10.0,6.67,77.5,0.13,Green,0,3,0.0
1134,Mexico,1100.0,2012,Other,Washed / Wet,7.17,7.17,6.92,7.25,7.33,7.08,10.0,10.0,10.0,7.0,79.92,0.12,Green,1,7,0.0
1242,Mexico,850.0,2012,Other,Washed / Wet,7.25,7.33,7.0,7.0,7.25,7.08,10.0,10.0,8.0,7.08,78.0,0.12,Green,2,7,0.0
1012,Mexico,950.0,2012,Other,Washed / Wet,7.08,7.33,7.33,7.33,7.42,7.25,10.0,10.0,10.0,7.25,81.0,0.12,Green,0,12,0.0
1259,Mexico,1200.0,2012,Other,Washed / Wet,7.08,7.0,7.0,7.25,7.33,7.25,8.67,8.67,10.0,6.92,77.17,0.12,Green,1,11,0.0
1181,Mexico,750.0,2012,Typica,Washed / Wet,7.42,7.17,7.08,7.17,7.08,7.08,9.33,10.0,10.0,7.0,79.33,0.14,Green,0,19,0.0
1180,Mexico,950.0,2012,Typica,Washed / Wet,7.0,7.0,6.83,7.33,7.42,6.92,10.0,10.0,10.0,6.83,79.33,0.14,No informado,0,23,0.0
469,Mexico,700.0,2012,Typica,Washed / Wet,7.75,7.5,7.42,7.75,7.58,7.58,10.0,10.0,10.0,7.58,83.17,0.13,Green,0,5,0.0
1079,Mexico,1450.0,2012,Typica,Washed / Wet,7.25,7.25,7.08,7.33,7.25,7.17,10.0,10.0,10.0,7.17,80.5,0.15,No informado,0,1,0.0
1203,Mexico,1550.0,2012,Typica,Semi-washed / Semi-pulped,7.5,7.17,6.92,7.5,7.25,7.0,8.67,10.0,10.0,7.0,79.0,0.14,Green,3,17,0.0
1226,Mexico,1500.0,2012,Typica,Washed / Wet,7.58,7.17,7.0,7.17,7.33,7.0,8.0,10.0,10.0,7.17,78.42,0.14,No informado,0,0,0.0
1111,Mexico,1550.0,2012,Typica,Washed / Wet,7.58,7.42,7.33,7.5,7.08,7.17,8.67,10.0,10.0,7.42,80.17,0.14,Green,1,2,0.0
1256,Mexico,1500.0,2012,Typica,Washed / Wet,7.33,7.0,6.67,7.0,6.92,6.92,9.33,9.33,10.0,6.83,77.33,0.15,No informado,4,5,0.0
1195,Mexico,1500.0,2012,Typica,Washed / Wet,7.33,7.0,6.92,7.25,7.33,7.08,9.33,10.0,10.0,6.83,79.08,0.16,No informado,0,2,0.0
1121,Mexico,1300.0,2012,Typica,Washed / Wet,7.33,7.17,7.25,7.08,7.08,7.08,10.0,10.0,10.0,7.08,80.08,0.15,No informado,0,0,0.0
1282,Mexico,1500.0,2012,Typica,Washed / Wet,7.08,6.75,6.58,7.0,7.0,6.75,8.67,8.67,10.0,6.42,74.92,0.17,No informado,0,6,0.0
1190,Mexico,1550.0,2012,Typica,Washed / Wet,7.25,7.08,6.92,7.08,7.17,7.17,9.33,10.0,10.0,7.17,79.17,0.14,No informado,0,8,0.0
1206,Mexico,1400.0,2012,Typica,Washed / Wet,7.5,7.0,6.92,7.08,6.92,6.75,10.0,10.0,10.0,6.75,78.92,0.16,No informado,0,0,0.0
1269,Mexico,1400.0,2012,Typica,Washed / Wet,7.42,7.0,6.83,7.08,6.92,6.83,7.33,10.0,10.0,6.75,76.17,0.16,No informado,2,4,0.0
1154,Mexico,1450.0,2012,Bourbon,Washed / Wet,7.25,7.17,7.17,7.08,7.17,7.0,10.0,10.0,10.0,6.92,79.75,0.14,No informado,0,0,0.0
698,Mexico,1350.0,2012,Pacamara,Washed / Wet,7.58,7.58,7.17,7.5,7.5,7.5,10.0,10.0,10.0,7.58,82.42,0.14,Green,0,6,0.0
332,Mexico,1100.0,2012,Typica,Washed / Wet,7.67,7.5,7.5,7.33,7.83,8.25,10.0,10.0,10.0,7.58,83.67,0.12,Green,4,11,0.0
1196,Mexico,1100.0,2012,Mundo Novo,Washed / Wet,7.25,7.08,6.75,7.33,7.42,7.0,9.33,10.0,10.0,6.92,79.08,0.11,Green,0,45,0.0
1277,Mexico,1100.0,2012,Pacamara,Washed / Wet,7.5,7.25,6.92,7.0,7.17,6.83,8.0,8.0,10.0,6.83,75.5,0.11,Green,4,20,0.0
1191,Mexico,1450.0,2012,Typica,Washed / Wet,7.17,6.92,6.92,7.08,7.17,7.0,10.0,10.0,10.0,6.92,79.17,0.14,Green,0,34,0.0
1152,Mexico,1022.0,2013,Bourbon,Washed / Wet,7.58,7.08,6.92,7.58,7.5,6.92,10.0,9.33,10.0,6.83,79.75,0.13,Green,0,4,0.0
773,Mexico,1144.0,2012,Typica,Washed / Wet,7.5,7.67,7.0,7.5,7.33,7.5,10.0,10.0,10.0,7.67,82.17,0.15,No informado,1,9,0.0
864,Mexico,774.0,2012,Bourbon,Washed / Wet,7.5,7.5,7.33,7.42,7.25,7.25,10.0,10.0,10.0,7.5,81.75,0.13,No informado,2,9,0.0
1105,Mexico,808.0,2012,Caturra,Washed / Wet,7.58,7.33,7.17,7.25,6.75,7.0,10.0,10.0,10.0,7.17,80.25,0.11,No informado,2,8,0.0
946,Mexico,763.0,2012,Caturra,Washed / Wet,7.42,7.33,7.25,7.17,7.25,7.42,10.0,10.0,10.0,7.58,81.42,0.13,No informado,1,8,0.0
466,Mexico,532.0,2012,Typica,Washed / Wet,7.75,7.67,7.58,7.5,7.42,7.58,10.0,10.0,10.0,7.67,83.17,0.12,No informado,3,8,0.0
1163,Mexico,975.0,2012,Caturra,Washed / Wet,7.33,7.17,7.0,6.75,7.08,7.0,10.0,10.0,10.0,7.33,79.67,0.13,No informado,5,6,0.0
829,Mexico,690.0,2012,Mundo Novo,Washed / Wet,7.5,7.42,7.25,7.5,7.33,7.33,10.0,10.0,10.0,7.58,81.92,0.14,No informado,2,8,0.0
828,Mexico,981.0,2012,Typica,Semi-washed / Semi-pulped,7.5,7.5,7.25,7.25,7.5,7.5,10.0,10.0,10.0,7.42,81.92,0.13,No informado,2,7,0.0
746,Mexico,533.0,2012,Bourbon,Washed / Wet,7.58,7.58,7.5,7.17,7.42,7.42,10.0,10.0,10.0,7.58,82.25,0.16,No informado,3,8,0.0
467,Mexico,1089.0,2012,Pacamara,Washed / Wet,7.58,7.75,7.42,7.67,7.5,7.58,10.0,10.0,10.0,7.67,83.17,0.14,No informado,0,10,0.0
667,Mexico,1679.0,2012,Typica,Washed / Wet,7.5,7.58,7.5,7.5,7.42,7.42,10.0,10.0,10.0,7.58,82.5,0.13,No informado,0,10,0.0
728,Mexico,441.0,2012,Typica,Natural / Dry,7.58,7.67,7.58,7.33,7.0,7.58,10.0,10.0,10.0,7.58,82.33,0.15,No informado,1,8,0.0
310,Mexico,700.0,2012,Caturra,Natural / Dry,7.83,7.58,7.58,7.5,7.75,7.67,10.0,10.0,10.0,7.83,83.75,0.13,No informado,5,5,0.0
1129,Mexico,1100.0,2012,Other,Washed / Wet,7.08,7.33,7.0,7.33,7.08,7.0,10.0,10.0,10.0,7.17,80.0,0.11,Green,0,12,0.0
1034,Mexico,1100.0,2012,Typica,Washed / Wet,7.33,7.25,7.33,7.33,7.25,7.17,10.0,10.0,10.0,7.17,80.83,0.11,Green,0,3,0.0
554,Mexico,1248.0,2012,Typica,Natural / Dry,7.58,7.58,7.33,7.25,7.58,7.75,10.0,10.0,10.0,7.83,82.92,0.1,Green,0,4,0.0
1210,Mexico,1320.0,2012,Typica,Washed / Wet,7.25,6.83,6.83,7.0,7.17,7.0,10.0,10.0,10.0,6.67,78.75,0.14,Green,0,0,0.0
556,Mexico,1400.0,2012,Typica,Washed / Wet,8.0,7.92,7.67,7.17,7.67,7.42,9.33,10.0,10.0,7.75,82.92,0.14,Green,1,4,0.0
890,Mexico,1650.0,2012,Typica,Washed / Wet,7.25,7.67,7.58,7.67,7.67,7.58,8.67,10.0,10.0,7.58,81.67,0.13,Green,1,13,0.0
1177,Mexico,800.0,2012,Typica,Washed / Wet,7.0,6.83,6.83,7.42,7.33,7.17,10.0,10.0,10.0,6.83,79.42,0.13,Green,0,30,0.0
697,Mexico,1300.0,2012,Typica,Washed / Wet,7.5,7.58,7.33,7.5,7.5,7.5,10.0,10.0,10.0,7.5,82.42,0.11,Green,0,0,0.0
1278,Mexico,1200.0,2012,Mundo Novo,Washed / Wet,7.17,6.92,6.67,6.83,7.25,7.75,10.0,6.0,10.0,6.58,75.17,0.11,Green,0,20,0.0
370,Mexico,1400.0,2012,Pacamara,Washed / Wet,7.75,7.67,7.67,7.75,7.33,7.5,10.0,10.0,10.0,7.83,83.5,0.12,Green,0,0,0.0
1281,Mexico,850.0,2012,Typica,Washed / Wet,7.0,6.92,6.75,6.92,7.17,6.83,10.0,6.67,10.0,6.75,75.0,0.14,Green,15,7,0.0
1283,Mexico,1250.0,2012,Typica,Washed / Wet,7.33,6.75,6.67,7.25,7.5,7.0,10.0,5.33,10.0,7.0,74.83,0.12,Green,0,30,0.0
1128,Mexico,1250.0,2012,Typica,Washed / Wet,7.25,7.25,7.08,7.17,7.33,7.33,9.33,10.0,10.0,7.25,80.0,0.12,Green,0,9,0.0
1110,Mexico,1250.0,2012,Typica,Washed / Wet,7.33,7.08,6.92,7.42,7.25,7.08,10.0,10.0,10.0,7.08,80.17,0.11,Green,0,2,0.0
1137,Mexico,1250.0,2012,Typica,Natural / Dry,7.33,7.25,7.0,7.42,7.17,7.17,9.33,10.0,10.0,7.25,79.92,0.12,Green,0,6,0.0
187,Mexico,1700.0,2012,Typica,Washed / Wet,8.0,7.75,7.75,7.83,7.5,7.67,10.0,10.0,10.0,7.83,84.33,0.12,Blue-Green,0,1,0.0
961,Mexico,1000.0,2012,Typica,Washed / Wet,7.33,7.25,7.17,7.42,7.58,7.33,10.0,10.0,10.0,7.25,81.33,0.12,No informado,0,4,0.0
1138,Mexico,1250.0,2012,Mundo Novo,Washed / Wet,7.17,7.33,7.08,7.58,7.33,7.08,10.0,9.33,10.0,7.0,79.92,0.11,Green,0,0,0.0
1033,Mexico,1210.0,2012,Catuai,Semi-washed / Semi-pulped,7.17,7.08,7.25,7.42,7.25,7.33,10.0,10.0,10.0,7.33,80.83,0.13,Green,0,7,0.0
1112,Mexico,1000.0,2012,Bourbon,Washed / Wet,7.33,7.33,7.17,7.08,7.25,7.0,10.0,10.0,10.0,7.0,80.17,0.12,Green,0,12,0.0
1184,Mexico,1000.0,2012,Bourbon,Washed / Wet,7.0,7.0,6.92,7.17,7.17,7.08,10.0,10.0,10.0,6.92,79.25,0.13,Green,0,10,0.0
1290,Mexico,1200.0,2012,Typica,Washed / Wet,6.92,6.42,6.17,7.33,7.25,6.75,10.0,6.67,10.0,6.5,74.0,0.13,No informado,0,27,0.0
519,Mexico,750.0,2012,Typica,Washed / Wet,7.67,7.58,7.42,7.5,7.67,7.58,10.0,10.0,10.0,7.58,83.0,0.11,Green,0,20,0.0
790,Mexico,1250.0,2012,Typica,Washed / Wet,7.67,7.5,7.25,7.58,7.42,7.33,10.0,10.0,10.0,7.33,82.08,0.11,Green,0,11,0.0
1143,Mexico,1300.0,2012,Typica,Washed / Wet,7.17,7.08,7.0,7.25,7.5,7.0,10.0,10.0,10.0,6.83,79.83,0.12,Green,0,3,0.0
601,Mexico,1200.0,2012,Typica,Washed / Wet,7.58,7.58,7.33,7.75,7.25,7.58,10.0,10.0,10.0,7.67,82.75,0.12,No informado,0,0,0.0
792,Mexico,1250.0,2012,Typica,Washed / Wet,7.58,7.42,7.25,7.75,7.33,7.42,10.0,10.0,10.0,7.33,82.08,0.11,Green,0,1,0.0
751,Mexico,1100.0,2012,Typica,Washed / Wet,7.33,7.58,7.42,7.67,7.33,7.5,10.0,10.0,10.0,7.42,82.25,0.11,Green,0,0,0.0
1167,Mexico,1550.0,2012,Caturra,Washed / Wet,7.25,6.92,6.92,7.33,7.25,7.0,10.0,10.0,10.0,6.92,79.58,0.13,Green,0,5,0.0
574,Mexico,1550.0,2012,Caturra,Washed / Wet,7.58,7.67,7.5,7.58,7.5,7.5,10.0,10.0,10.0,7.5,82.83,0.12,Green,2,10,0.0
867,Mexico,1550.0,2012,Caturra,Washed / Wet,7.33,7.42,7.33,7.67,7.42,7.25,10.0,10.0,10.0,7.33,81.75,0.12,Green,10,14,0.0
1086,Mexico,1550.0,2012,Caturra,Washed / Wet,7.42,7.08,7.08,7.33,7.25,7.17,10.0,10.0,10.0,7.08,80.42,0.12,Green,4,16,0.0
1173,Mexico,1550.0,2012,Caturra,Washed / Wet,7.25,7.08,6.92,7.25,7.58,7.08,9.33,10.0,10.0,7.0,79.5,0.12,Green,1,20,0.0
866,Mexico,1100.0,2012,Typica,Washed / Wet,7.42,7.5,7.33,7.58,7.33,7.33,10.0,10.0,10.0,7.25,81.75,0.11,Green,0,1,0.0
995,Mexico,1300.0,2012,Typica,Washed / Wet,7.33,7.25,7.33,7.42,7.25,7.42,10.0,10.0,10.0,7.08,81.08,0.12,Green,0,2,0.0
1047,Mexico,1200.0,2012,Typica,Washed / Wet,7.58,7.33,7.42,7.25,7.5,7.5,9.33,9.33,10.0,7.5,80.75,0.11,Green,0,2,0.0
669,Mexico,1650.0,2012,Typica,Semi-washed / Semi-pulped,7.92,7.5,7.33,7.58,7.25,7.42,10.0,10.0,10.0,7.5,82.5,0.11,No informado,0,2,0.0
906,Mexico,1600.0,2012,Marigojipe,Natural / Dry,7.33,7.5,7.25,7.5,7.5,7.17,10.0,10.0,10.0,7.33,81.58,0.11,No informado,0,0,0.0
907,Mexico,1650.0,2012,Typica,Natural / Dry,7.67,7.58,7.42,7.58,7.58,7.42,10.0,10.0,8.67,7.67,81.58,0.11,No informado,0,2,0.0
868,Mexico,1650.0,2012,Typica,Washed / Wet,7.5,7.42,7.25,7.33,7.67,7.25,10.0,10.0,10.0,7.33,81.75,0.12,No informado,0,1,0.0
809,Mexico,940.0,2012,Typica,Washed / Wet,7.67,7.33,7.25,7.5,7.42,7.42,10.0,10.0,10.0,7.42,82.0,0.12,Green,0,1,0.0
1289,Mexico,1140.0,2012,Typica,Washed / Wet,7.0,6.58,6.67,6.83,7.08,6.83,10.0,6.67,10.0,6.67,74.33,0.14,Green,3,11,0.0
1204,Mexico,1200.0,2012,Typica,Washed / Wet,7.17,6.83,6.83,7.25,7.17,6.92,10.0,10.0,10.0,6.83,79.0,0.14,Green,7,38,0.0
167,Mexico,1350.0,2012,Typica,Washed / Wet,8.0,7.92,7.42,8.08,7.5,7.67,10.0,10.0,10.0,7.92,84.5,0.12,Green,0,0,0.0
1301,Mexico,1800.0,2012,Bourbon,Washed / Wet,6.5,6.67,6.42,7.17,7.33,6.5,8.0,6.0,10.0,6.42,71.0,0.11,Green,0,0,0.0
996,Mexico,1642.0,2012,Typica,Washed / Wet,7.33,7.33,7.25,7.42,7.25,7.25,10.0,10.0,10.0,7.25,81.08,0.11,Green,0,5,0.0
1264,Mexico,1100.0,2012,Typica,Washed / Wet,7.17,6.58,6.58,7.0,7.25,6.58,9.33,9.33,10.0,6.58,76.42,0.13,Green,0,14,0.0
744,Mexico,1338.0,2013,Mundo Novo,Washed / Wet,7.58,7.58,7.42,7.42,7.42,7.42,10.0,10.0,10.0,7.42,82.25,0.12,Blue-Green,0,4,0.0
830,Mexico,1650.0,2012,Other,Washed / Wet,7.33,7.58,7.17,7.58,7.42,7.33,10.0,10.0,10.0,7.5,81.92,0.12,Green,0,4,0.0
929,Mexico,1100.0,2012,Typica,Natural / Dry,7.5,7.5,7.25,7.5,7.42,7.58,9.33,10.0,10.0,7.42,81.5,0.11,Green,0,3,0.0
856,Mexico,1250.0,2012,Typica,Semi-washed / Semi-pulped,7.33,7.33,7.25,7.5,7.5,7.5,10.0,10.0,10.0,7.42,81.83,0.12,Green,0,10,0.0
788,Mexico,1300.0,2012,Typica,Washed / Wet,7.42,7.58,7.5,7.33,7.42,7.42,10.0,10.0,10.0,7.42,82.08,0.13,Green,0,7,0.0
695,Mexico,1300.0,2012,Typica,Washed / Wet,7.42,7.58,7.33,7.58,7.5,7.5,10.0,10.0,10.0,7.5,82.42,0.14,Green,0,9,0.0
1271,Mexico,1250.0,2012,Bourbon,Washed / Wet,7.08,6.83,6.83,7.17,7.17,7.08,10.0,7.33,10.0,6.58,76.08,0.12,Green,0,12,0.0
1029,Mexico,1186.0,2012,Typica,Washed / Wet,7.58,7.33,7.08,7.5,7.17,7.25,10.0,10.0,10.0,7.0,80.92,0.13,Green,0,12,0.0
1300,Mexico,800.0,2012,Mundo Novo,Washed / Wet,6.92,6.92,6.92,6.92,7.17,7.0,10.0,2.67,10.0,6.58,71.08,0.12,Green,4,24,0.0
732,Mexico,1300.0,2012,Typica,Washed / Wet,8.0,7.75,7.33,7.33,7.08,7.67,9.33,10.0,10.0,7.83,82.33,0.11,Green,0,0,0.0
490,Mexico,1400.0,2012,Other,Washed / Wet,7.75,7.67,7.42,7.75,7.5,7.5,10.0,10.0,10.0,7.5,83.08,0.1,No informado,0,1,0.0
628,Mexico,950.0,2012,Typica,Washed / Wet,7.5,7.58,7.58,7.58,7.42,7.42,10.0,10.0,10.0,7.58,82.67,0.12,No informado,0,0,0.0
947,Mexico,1100.0,2012,Typica,Washed / Wet,7.42,7.42,7.25,7.25,7.5,7.33,10.0,10.0,10.0,7.25,81.42,0.13,No informado,0,1,0.0
178,Mexico,900.0,2012,Pacamara,Washed / Wet,7.75,7.92,7.75,7.67,7.83,7.67,10.0,10.0,10.0,7.83,84.42,0.12,No informado,2,4,0.0
1055,Mexico,1200.0,2014,Typica,Washed / Wet,7.25,7.17,7.17,7.25,7.17,7.42,10.0,10.0,10.0,7.25,80.67,0.12,Green,0,4,0.0
686,Mexico,1296.0,2014,Typica,Washed / Wet,7.42,7.5,7.42,7.58,7.42,7.5,10.0,10.0,10.0,7.58,82.42,0.11,Green,0,0,0.0
619,Mexico,1296.0,2014,Typica,Natural / Dry,7.67,7.58,7.42,7.5,7.42,7.5,10.0,10.0,10.0,7.58,82.67,0.11,Green,0,0,0.0
752,Mexico,900.0,2012,Typica,Washed / Wet,7.42,7.5,7.42,7.58,7.42,7.5,10.0,10.0,10.0,7.42,82.25,0.1,Green,0,3,0.0
274,Mexico,1400.0,2012,Typica,Washed / Wet,7.75,7.92,7.83,7.92,7.75,7.67,9.33,10.0,10.0,7.75,83.92,0.0,Green,0,2,0.0
1013,Mexico,1100.0,2012,Typica,Washed / Wet,7.58,7.67,7.5,7.67,7.58,7.5,8.0,10.0,10.0,7.5,81.0,0.0,Green,0,8,0.0
776,Mexico,1200.0,2012,Typica,Washed / Wet,7.0,7.67,7.5,7.5,7.42,7.5,10.0,10.0,10.0,7.58,82.17,0.1,Green,0,1,0.0
141,Mexico,1200.0,2012,Typica,Washed / Wet,7.83,7.58,7.67,7.92,7.92,7.83,10.0,10.0,10.0,7.92,84.67,0.13,No informado,0,3,0.0
651,Mexico,1150.0,2012,Typica,Washed / Wet,7.67,7.58,7.58,7.75,7.67,6.83,10.0,10.0,10.0,7.5,82.58,0.12,Green,0,0,0.0
1220,Mexico,1300.0,2012,Typica,Washed / Wet,7.92,7.58,7.58,7.92,7.92,7.5,8.0,6.67,10.0,7.5,78.58,0.1,No informado,0,1,0.0
1212,Mexico,1350.0,2012,Bourbon,Washed / Wet,7.67,7.17,6.83,7.33,7.58,7.17,9.33,10.0,8.67,7.0,78.75,0.12,No informado,0,0,0.0
1039,Myanmar,1166.0,2015,Catuai,Washed / Wet,6.92,7.5,7.0,7.58,7.5,7.08,10.0,10.0,10.0,7.17,80.75,0.0,Green,0,2,0.0
841,Myanmar,1219.0,2015,Catuai,Washed / Wet,7.33,7.58,7.5,7.42,7.33,7.33,10.0,10.0,10.0,7.33,81.83,0.0,Green,0,2,0.0
1018,Myanmar,1067.0,2015,Other,Other,7.17,7.42,7.0,7.58,7.33,7.0,10.0,10.0,10.0,7.42,80.92,0.0,No informado,0,5,0.0
1124,Myanmar,1172.0,2015,Other,Washed / Wet,7.17,7.33,7.0,7.42,7.17,7.0,10.0,10.0,10.0,6.92,80.0,0.0,Green,0,4,0.0
1099,Myanmar,1307.0,2014,Catuai,Natural / Dry,7.42,7.0,7.08,7.0,7.17,7.33,10.0,10.0,10.0,7.25,80.25,0.0,Green,0,1,0.0
916,Myanmar,1219.0,2015,Catuai,Washed / Wet,7.25,7.42,7.25,7.5,7.33,7.33,10.0,10.0,10.0,7.42,81.5,0.0,Green,0,4,0.0
1074,Myanmar,1158.0,2015,Other,Washed / Wet,7.17,7.33,7.17,7.42,7.25,7.08,10.0,10.0,10.0,7.08,80.5,0.0,Green,0,2,0.0
573,"Tanzania, United Republic Of",1400.0,2012,Arusha,Washed / Wet,7.67,7.5,7.33,7.25,7.58,7.75,10.0,10.0,10.0,7.75,82.83,0.11,Green,0,5,0.0
783,"Tanzania, United Republic Of",1500.0,2014,Bourbon,Washed / Wet,7.42,7.33,7.42,7.42,7.5,7.58,10.0,10.0,10.0,7.42,82.08,0.12,Green,0,5,0.0
463,"Tanzania, United Republic Of",1800.0,2014,Bourbon,Washed / Wet,7.58,7.5,7.58,7.75,7.58,7.58,10.0,10.0,10.0,7.58,83.17,0.12,Green,0,1,0.0
443,"Tanzania, United Republic Of",,2016,Bourbon,Washed / Wet,7.67,7.58,7.42,7.67,7.67,7.58,10.0,10.0,10.0,7.58,83.17,0.12,Green,0,3,0.0
875,"Tanzania, United Republic Of",1800.0,2016,No informado,No informado,7.17,7.33,7.33,7.42,7.5,7.33,10.0,10.0,10.0,7.58,81.67,0.0,Green,0,1,0.0
761,"Tanzania, United Republic Of",1600.0,2015/2016,Other,Washed / Wet,7.42,7.42,7.42,7.5,7.5,7.33,10.0,10.0,10.0,7.58,82.17,0.12,Green,0,1,0.0
1,Ethiopia,2075.0,2014,No informado,Washed / Wet,8.67,8.83,8.67,8.75,8.5,8.42,10.0,10.0,10.0,8.75,90.58,0.12,Green,0,0,0.0
5,Ethiopia,2075.0,2014,Other,Washed / Wet,8.25,8.5,8.25,8.5,8.42,8.33,10.0,10.0,10.0,8.58,88.83,0.12,Green,0,2,0.0
2,Ethiopia,2075.0,2014,Other,Washed / Wet,8.75,8.67,8.5,8.58,8.42,8.42,10.0,10.0,10.0,8.58,89.92,0.12,Green,0,1,0.0
11,Ethiopia,1905.0,2014,No informado,Natural / Dry,8.17,8.67,8.25,8.5,7.75,8.17,10.0,10.0,10.0,8.58,88.08,0.1,No informado,0,1,0.0
35,Ethiopia,1775.0,2014,No informado,Natural / Dry,8.0,8.08,7.92,8.0,8.08,8.08,10.0,10.0,10.0,8.08,86.25,0.1,Green,0,3,0.0
221,Ethiopia,1606.5,2014,Gesha,Natural / Dry,7.5,7.92,7.58,7.83,7.75,7.83,10.0,10.0,10.0,7.75,84.17,0.1,Green,0,5,0.0
4,Ethiopia,2000.0,2014,No informado,Natural / Dry,8.17,8.58,8.42,8.42,8.5,8.25,10.0,10.0,10.0,8.67,89.0,0.11,Green,0,2,0.0
10,Ethiopia,1822.5,2014,Other,Natural / Dry,8.08,8.58,8.5,8.5,7.67,8.42,10.0,10.0,10.0,8.5,88.25,0.1,Green,0,4,0.0
360,Ethiopia,1600.0,2014,No informado,Natural / Dry,7.67,7.75,7.5,7.58,7.75,7.67,10.0,10.0,10.0,7.58,83.5,0.1,No informado,1,18,0.0
71,Ethiopia,1900.0,2015,No informado,Washed / Wet,7.75,7.83,7.83,8.17,7.92,7.83,10.0,10.0,10.0,8.08,85.42,0.1,Green,0,18,0.0
68,Ethiopia,1900.0,2015,Other,Natural / Dry,7.83,8.0,7.83,7.92,7.83,8.08,10.0,10.0,10.0,8.0,85.5,0.12,Green,0,7,0.0
60,Ethiopia,,2017,Caturra,Natural / Dry,7.83,8.0,7.83,8.17,7.92,8.0,10.0,10.0,10.0,8.0,85.75,0.09,No informado,0,7,4.0
89,Ethiopia,,2016,Other,Natural / Dry,7.75,8.0,7.58,8.0,8.0,7.92,10.0,10.0,10.0,7.83,85.08,0.11,Green,0,8,1.0
282,Ethiopia,1676.5,2014,No informado,Natural / Dry,7.75,7.75,7.67,7.67,7.58,7.67,10.0,10.0,10.0,7.75,83.83,0.12,Green,0,4,0.0
57,Ethiopia,1900.0,2014,No informado,Washed / Wet,7.83,8.08,7.92,8.08,8.0,7.92,10.0,10.0,10.0,8.0,85.83,0.1,Green,0,4,0.0
587,El Salvador,1250.0,2017,Bourbon,Washed / Wet,7.67,7.67,7.17,7.33,7.58,7.67,10.0,10.0,10.0,7.67,82.75,0.0,No informado,0,4,0.0
535,El Salvador,1350.0,2017,Bourbon,Washed / Wet,7.5,7.5,7.75,7.58,7.92,7.83,10.0,10.0,9.33,7.5,82.92,0.0,Green,0,1,0.0
820,El Salvador,1250.0,2014,Bourbon,Washed / Wet,7.67,7.58,7.33,7.5,7.5,7.67,10.0,10.0,9.33,7.33,81.92,0.11,Green,0,2,0.0
383,El Salvador,1330.0,2016,Bourbon,Washed / Wet,7.58,7.5,7.75,7.58,7.75,7.67,10.0,10.0,10.0,7.58,83.42,0.11,No informado,0,0,0.0
563,El Salvador,1250.0,2016,Pacas,Washed / Wet,7.33,7.67,7.67,7.83,7.33,7.67,10.0,10.0,10.0,7.33,82.83,0.0,Green,0,4,0.0
450,El Salvador,1350.0,2016,Bourbon,Washed / Wet,7.5,7.5,7.33,7.67,8.0,7.67,10.0,10.0,10.0,7.5,83.17,0.0,Green,0,0,0.0
1000,El Salvador,1450.0,2017,Bourbon,Washed / Wet,7.42,7.08,7.08,7.33,7.25,7.58,10.0,10.0,10.0,7.25,81.0,0.0,Green,0,6,2.0
126,El Salvador,1350.0,2016,Bourbon,Washed / Wet,7.83,7.83,7.5,8.0,7.83,7.67,10.0,10.0,10.0,8.0,84.67,0.0,Blue-Green,0,2,0.0
739,El Salvador,1500.0,2014,Bourbon,Washed / Wet,7.58,7.67,7.5,7.67,7.83,8.42,9.33,9.33,9.33,7.58,82.25,0.12,Green,0,0,0.0
1159,El Salvador,1250.0,2016,Bourbon,Washed / Wet,7.25,7.08,7.0,6.83,7.33,7.17,10.0,10.0,10.0,7.0,79.67,0.0,Bluish-Green,0,12,0.0
611,El Salvador,1200.0,2016,Pacas,Washed / Wet,7.67,7.67,7.67,7.67,7.5,7.67,10.0,10.0,9.33,7.5,82.67,0.0,Green,0,7,0.0
639,Indonesia,1250.0,2015,Typica,Semi-washed / Semi-pulped,7.83,7.58,7.42,7.33,7.42,7.5,10.0,10.0,10.0,7.5,82.58,0.13,Blue-Green,0,6,0.0
540,Philippines,1200.0,2015,Other,Washed / Wet,7.58,7.58,7.67,7.58,7.5,7.5,10.0,10.0,10.0,7.5,82.92,0.11,Blue-Green,0,1,0.0
584,Indonesia,1500.0,2017,Sulawesi,Other,7.5,7.58,7.42,7.58,7.58,7.5,10.0,10.0,10.0,7.58,82.75,0.12,Blue-Green,0,15,0.0
778,Indonesia,1300.0,2017,Bourbon,Washed / Wet,7.5,7.5,7.42,7.42,7.5,7.42,10.0,10.0,10.0,7.33,82.08,0.15,No informado,0,3,0.0
655,Indonesia,1250.0,2017,Other,Washed / Wet,7.83,7.75,7.25,7.5,7.42,7.33,10.0,10.0,10.0,7.42,82.5,0.11,Green,0,5,0.0
127,Indonesia,1200.0,2016,Java,Washed / Wet,7.92,7.83,7.75,7.75,7.75,7.75,10.0,10.0,10.0,7.92,84.67,0.12,Green,0,7,0.0
1234,Indonesia,1300.0,2016,Java,Washed / Wet,6.92,6.83,6.92,6.92,6.92,6.83,10.0,10.0,10.0,6.83,78.17,0.13,No informado,0,1,0.0
333,Indonesia,1400.0,2012,Typica,Washed / Wet,8.17,7.67,7.58,7.58,7.42,7.67,10.0,10.0,10.0,7.58,83.67,0.12,Green,0,0,0.0
232,Indonesia,,2017,Mandheling,Natural / Dry,7.81,7.88,7.56,7.75,7.63,7.75,10.0,10.0,10.0,7.75,84.13,0.12,Bluish-Green,0,0,0.0
375,Indonesia,1600.0,23-Jul-10,No informado,No informado,7.83,7.58,7.58,7.58,7.75,7.58,10.0,10.0,10.0,7.58,83.5,0.0,No informado,0,0,0.0
495,Indonesia,1350.0,2010,No informado,No informado,7.67,7.58,7.5,7.58,7.67,7.58,10.0,10.0,10.0,7.5,83.08,0.0,No informado,0,0,0.0
930,Indonesia,1400.0,2012,Other,Washed / Wet,7.75,7.17,7.17,7.33,7.58,7.33,10.0,10.0,10.0,7.17,81.5,0.12,Green,0,0,0.0
588,Costa Rica,1850.0,2016,Caturra,Washed / Wet,7.58,7.5,7.42,7.67,7.42,7.5,10.0,10.0,10.0,7.67,82.75,0.09,Bluish-Green,0,1,0.0
786,Costa Rica,,2013,Caturra,Washed / Wet,7.58,7.33,7.33,7.33,7.5,7.67,10.0,10.0,10.0,7.33,82.08,0.11,Green,0,2,0.0
379,Costa Rica,1850.0,2016,Caturra,Washed / Wet,7.58,7.5,7.42,7.92,7.5,7.67,10.0,10.0,10.0,7.83,83.42,0.09,Blue-Green,0,4,0.0
220,Costa Rica,1850.0,2014,Caturra,Washed / Wet,7.67,7.75,7.67,7.75,7.5,8.0,10.0,10.0,10.0,7.83,84.17,0.0,Blue-Green,0,0,0.0
1053,Costa Rica,,2015,Caturra,Washed / Wet,7.83,7.5,7.67,7.67,7.83,7.5,6.67,10.0,10.0,8.0,80.67,0.11,Blue-Green,0,4,0.0
277,Costa Rica,1850.0,2015,Caturra,Washed / Wet,7.67,7.67,7.75,7.67,7.5,7.75,10.0,10.0,10.0,7.83,83.83,0.0,Blue-Green,0,0,0.0
321,Costa Rica,1350.0,No informado,No informado,No informado,7.33,7.67,7.67,7.5,7.67,7.5,10.0,10.0,10.0,8.33,83.67,0.11,Blue-Green,0,1,0.0
884,Costa Rica,1850.0,2013,Caturra,Washed / Wet,7.5,7.17,7.17,7.17,7.5,7.08,10.0,10.0,10.0,8.08,81.67,0.11,Green,0,3,0.0
899,Costa Rica,,2015,Caturra,Washed / Wet,7.58,7.42,7.5,7.17,7.08,7.58,10.0,10.0,10.0,7.25,81.58,0.12,Green,0,1,0.0
354,Costa Rica,1850.0,2015,Caturra,Washed / Wet,7.92,7.42,7.5,7.67,7.5,7.67,10.0,10.0,10.0,7.83,83.5,0.0,Blue-Green,0,0,0.0
710,Costa Rica,1850.0,2015,Caturra,Washed / Wet,7.75,7.5,7.25,7.25,7.42,7.67,10.0,10.0,10.0,7.5,82.33,0.1,Bluish-Green,6,3,1.0
172,Costa Rica,1300.0,2016,Caturra,Washed / Wet,7.58,7.83,7.83,8.0,7.67,7.58,10.0,10.0,10.0,7.92,84.42,0.1,Blue-Green,0,3,0.0
159,Costa Rica,1200.0,2017 / 2018,Caturra,Washed / Wet,7.92,7.67,7.92,7.75,7.67,7.58,10.0,10.0,10.0,8.0,84.5,0.1,Bluish-Green,0,2,0.0
129,Costa Rica,1150.0,2015,Catuai,Washed / Wet,8.08,7.75,7.67,7.83,7.5,7.92,10.0,10.0,10.0,7.92,84.67,0.1,Blue-Green,0,2,0.0
419,Costa Rica,,2015,No informado,Washed / Wet,7.83,7.5,7.42,7.67,7.5,7.67,10.0,10.0,10.0,7.67,83.25,0.11,No informado,0,0,0.0
711,Costa Rica,1550.0,2015,Catuai,Washed / Wet,7.75,7.33,7.5,7.5,7.33,7.58,10.0,10.0,10.0,7.33,82.33,0.0,Green,0,0,2.0
1247,Nicaragua,1000.0,2016,No informado,No informado,7.42,7.0,7.0,7.17,7.08,7.0,9.33,8.67,10.0,7.17,77.83,0.1,Bluish-Green,0,0,0.0
213,Costa Rica,1700.0,2016,Caturra,Washed / Wet,7.92,7.75,7.67,7.67,7.5,7.67,10.0,10.0,10.0,8.0,84.17,0.09,Bluish-Green,0,2,0.0
512,Costa Rica,1200.0,2013,Catuai,Washed / Wet,7.67,7.58,7.5,7.58,7.5,7.5,10.0,10.0,10.0,7.67,83.0,0.11,Green,0,3,0.0
284,Costa Rica,1300.0,2013,Catuai,Washed / Wet,7.83,7.42,7.5,7.83,7.75,7.83,10.0,10.0,10.0,7.67,83.83,0.1,Green,0,3,0.0
804,Costa Rica,1300.0,2013,Catuai,Washed / Wet,7.5,7.25,7.33,7.33,7.75,7.5,10.0,10.0,10.0,7.33,82.0,0.1,Green,0,4,0.0
134,Costa Rica,1200.0,2014,Catuai,Washed / Wet,8.0,7.58,7.83,7.75,7.75,7.75,10.0,10.0,10.0,8.0,84.67,0.11,Green,0,4,0.0
486,Costa Rica,1300.0,2014,Catuai,Washed / Wet,7.83,7.33,7.5,7.67,7.58,7.67,10.0,10.0,10.0,7.5,83.08,0.1,Green,0,3,0.0
981,Costa Rica,1300.0,2014,Catuai,Washed / Wet,7.33,7.08,7.33,7.25,7.33,7.58,10.0,10.0,10.0,7.25,81.17,0.11,Green,0,3,0.0
407,Costa Rica,1200.0,2013,Catuai,Washed / Wet,7.5,7.67,7.67,7.5,7.83,7.17,10.0,10.0,10.0,8.0,83.33,0.11,Green,0,3,0.0
644,Costa Rica,1300.0,2013,Catuai,Washed / Wet,7.67,7.42,7.5,7.67,7.0,7.75,10.0,10.0,10.0,7.58,82.58,0.11,Green,0,3,0.0
34,Costa Rica,1300.0,2015/2016,Caturra,Washed / Wet,8.17,7.83,8.0,8.08,7.83,8.0,10.0,10.0,10.0,8.42,86.33,0.0,Blue-Green,0,0,0.0
56,Panama,1600.0,2017,Gesha,Washed / Wet,8.0,8.0,7.92,8.08,7.83,8.0,10.0,10.0,10.0,8.0,85.83,0.08,Bluish-Green,0,0,1.0
131,Costa Rica,1750.0,2014,Caturra,Washed / Wet,8.17,8.0,7.83,7.17,7.83,7.75,10.0,10.0,10.0,7.92,84.67,0.12,Green,0,0,0.0
162,Costa Rica,1700.0,2014,Caturra,Washed / Wet,7.92,7.83,7.83,7.83,7.58,7.58,10.0,10.0,10.0,7.92,84.5,0.11,Green,0,0,0.0
599,Colombia,1300.0,2013,Caturra,Washed / Wet,7.58,7.33,7.17,7.33,7.25,8.58,10.0,10.0,10.0,7.5,82.75,0.1,Green,0,2,0.0
1032,Guatemala,1200.0,2013,Caturra,Washed / Wet,7.67,7.25,7.08,7.33,7.17,7.25,10.0,10.0,10.0,7.08,80.83,0.11,Green,0,1,0.0
992,Costa Rica,1500.0,2014,Caturra,Washed / Wet,7.42,7.25,7.17,7.25,7.25,7.58,10.0,10.0,10.0,7.17,81.08,0.13,Green,0,0,0.0
363,Guatemala,1400.0,2013,Caturra,Washed / Wet,7.58,7.75,7.5,7.83,7.42,7.67,10.0,10.0,10.0,7.75,83.5,0.1,Green,0,0,0.0
720,Colombia,1300.0,2013,Caturra,Washed / Wet,7.42,7.33,7.5,7.17,7.08,8.33,10.0,10.0,10.0,7.5,82.33,0.1,Green,0,2,0.0
685,Guatemala,1400.0,2013,Caturra,Washed / Wet,7.5,7.5,7.5,7.67,7.42,7.5,10.0,10.0,10.0,7.33,82.42,0.1,Green,0,0,0.0
218,Nicaragua,1000.0,2015,Caturra,Natural / Dry,7.67,7.83,7.83,7.5,7.67,7.83,10.0,10.0,10.0,7.83,84.17,0.12,Bluish-Green,0,0,0.0
844,Costa Rica,1300.0,2015,Caturra,Washed / Wet,7.67,7.5,7.5,7.25,7.08,7.42,10.0,10.0,10.0,7.42,81.83,0.09,Green,0,0,0.0
975,Costa Rica,1300.0,2015,Caturra,Washed / Wet,7.5,7.5,7.33,7.17,7.08,7.17,10.0,10.0,10.0,7.42,81.17,0.11,Bluish-Green,0,0,0.0
782,Costa Rica,1300.0,2015,Caturra,Washed / Wet,7.75,7.42,7.42,7.25,7.17,7.42,10.0,10.0,10.0,7.67,82.08,0.0,Blue-Green,0,0,0.0
1244,Costa Rica,1200.0,2014,Caturra,Washed / Wet,7.5,7.25,7.42,7.0,7.08,6.83,8.67,9.33,10.0,6.83,77.92,0.12,Green,2,4,0.0
1299,Costa Rica,1200.0,2014,Caturra,Washed / Wet,6.33,6.5,6.33,6.83,6.33,6.5,10.0,6.67,10.0,6.25,71.75,0.11,Green,0,7,0.0
917,Costa Rica,1200.0,2014,Caturra,Washed / Wet,7.83,7.33,7.08,7.08,7.33,7.5,10.0,10.0,10.0,7.33,81.5,0.12,Green,1,2,0.0
120,Ethiopia,1750.0,2009/2010,No informado,No informado,7.42,7.92,7.92,8.0,7.83,7.83,10.0,10.0,10.0,7.92,84.83,0.1,No informado,0,4,0.0
179,Ethiopia,,2009/2010,No informado,No informado,7.5,7.75,7.83,7.92,7.92,7.75,10.0,10.0,10.0,7.75,84.42,0.2,No informado,0,2,0.0
9,Ethiopia,1635.0,Mar-10,No informado,No informado,8.67,8.67,8.58,8.42,8.33,8.42,9.33,10.0,9.33,8.67,88.42,0.03,No informado,0,0,0.0
83,Ethiopia,,2009/2010,Typica,No informado,7.92,7.83,7.75,8.33,7.75,7.75,10.0,10.0,10.0,8.0,85.33,0.1,No informado,0,3,0.0
295,Ethiopia,,2010,No informado,No informado,7.58,7.83,7.58,8.0,7.83,7.5,10.0,10.0,10.0,7.5,83.83,0.1,No informado,0,3,0.0
1130,Ethiopia,,2010,No informado,No informado,7.42,7.42,7.5,7.92,7.75,7.58,8.67,9.33,8.67,7.75,80.0,0.05,No informado,0,2,0.0
95,Ethiopia,,2010,No informado,No informado,7.67,8.0,7.83,8.0,7.92,7.83,10.0,10.0,10.0,7.83,85.08,0.0,No informado,0,5,0.0
27,Ethiopia,,2009/2010,No informado,No informado,7.83,8.25,8.08,8.17,8.17,8.17,10.0,10.0,10.0,8.25,86.92,0.05,No informado,0,2,0.0
51,Ethiopia,1750.0,2009/2010,No informado,No informado,7.75,8.08,8.0,8.25,8.0,8.0,10.0,10.0,10.0,7.92,86.0,0.01,No informado,0,4,0.0
39,Ethiopia,,2009/2010,No informado,No informado,7.92,7.75,8.08,8.08,8.08,8.17,10.0,10.0,10.0,8.17,86.25,0.1,No informado,0,2,0.0
15,Ethiopia,1635.0,Mar-10,No informado,No informado,8.25,8.33,8.5,8.25,8.58,8.75,9.33,10.0,9.33,8.5,87.83,0.05,No informado,0,2,0.0
1094,Ethiopia,,2010,No informado,No informado,7.25,7.25,7.25,7.33,7.5,8.0,9.33,9.33,10.0,7.08,80.33,0.1,No informado,0,1,0.0
82,Ethiopia,,2009/2010,No informado,No informado,7.83,7.83,7.92,8.08,7.75,7.83,10.0,10.0,10.0,8.08,85.33,0.05,No informado,0,2,0.0
478,Ethiopia,1850.0,August to December,No informado,No informado,7.75,8.0,7.67,8.08,7.83,7.92,9.33,9.33,9.33,7.92,83.17,0.01,No informado,0,0,0.0
119,Ethiopia,1750.0,2009/2010,No informado,No informado,7.75,7.92,7.83,7.92,7.75,7.67,10.0,10.0,10.0,8.0,84.83,0.1,No informado,0,2,0.0
144,Ethiopia,1750.0,2009/2010,No informado,No informado,7.42,7.75,7.75,8.0,8.0,7.92,10.0,10.0,10.0,7.83,84.67,0.2,No informado,0,3,0.0
18,Ethiopia,,2009/2010,No informado,No informado,8.17,8.33,8.25,8.33,8.42,8.33,9.33,10.0,9.33,8.83,87.33,0.05,No informado,0,2,0.0
8,Ethiopia,1635.0,Mar-10,No informado,No informado,8.25,8.33,8.5,8.42,8.33,8.5,10.0,10.0,9.33,9.0,88.67,0.03,No informado,0,0,0.0
444,Peru,,2017,No informado,No informado,7.92,7.5,7.5,7.58,7.67,7.5,10.0,10.0,10.0,7.5,83.17,0.11,Green,0,0,1.0
603,Colombia,1625.0,2012,Caturra,Washed / Wet,7.5,7.58,7.42,7.67,7.5,7.58,10.0,10.0,10.0,7.5,82.75,0.0,Blue-Green,0,0,0.0
265,Colombia,,2016,No informado,No informado,7.75,7.58,7.5,7.83,7.75,7.92,10.0,10.0,10.0,7.58,83.92,0.0,No informado,1,5,3.0
779,Colombia,,2016,Caturra,Washed / Wet,7.75,7.58,7.42,7.67,7.83,7.58,9.33,9.33,10.0,7.58,82.08,0.0,Green,0,6,7.0
182,Colombia,,2016,Caturra,Washed / Wet,7.58,7.75,7.5,7.83,7.67,8.5,10.0,10.0,10.0,7.5,84.33,0.0,Green,0,5,3.0
596,Colombia,,2014,Typica,Washed / Wet,7.67,7.42,7.42,7.58,7.33,7.67,10.0,10.0,10.0,7.67,82.75,0.12,Green,0,0,0.0
423,Colombia,442.0,2015/2016,Caturra,Natural / Dry,7.58,7.67,7.67,7.17,7.75,7.83,10.0,10.0,10.0,7.58,83.25,0.0,Green,0,2,0.0
312,Colombia,1600.0,Jan-11,No informado,No informado,7.83,7.83,7.58,7.33,7.42,7.67,10.0,10.0,10.0,8.08,83.75,0.1,No informado,0,1,0.0
298,Colombia,442.0,2017,Caturra,Washed / Wet,7.83,7.83,7.58,7.58,7.58,7.58,10.0,10.0,10.0,7.75,83.75,0.11,Green,0,1,0.0
90,Colombia,2560.0,2015,Caturra,Natural / Dry,8.17,7.83,7.58,8.08,8.0,7.75,10.0,10.0,10.0,7.67,85.08,0.0,No informado,0,0,0.0
517,Colombia,1000.0,2013,Caturra,Natural / Dry,7.58,7.75,7.42,7.67,7.58,7.42,10.0,10.0,10.0,7.58,83.0,0.0,Green,0,2,0.0
233,Colombia,442.0,2017 / 2018,Caturra,Washed / Wet,7.83,7.5,7.42,7.5,7.83,8.5,10.0,10.0,10.0,7.5,84.08,0.0,Green,1,3,3.0
264,Colombia,442.0,2016,No informado,No informado,7.75,7.67,7.5,7.75,7.83,7.75,10.0,10.0,10.0,7.67,83.92,0.11,Green,1,2,0.0
350,Colombia,2136.0,2012,Caturra,Natural / Dry,7.67,7.58,7.58,7.58,7.67,7.75,10.0,10.0,10.0,7.75,83.58,0.11,Green,0,4,0.0
384,Colombia,442.0,2015,Caturra,Natural / Dry,7.58,7.67,7.58,7.67,7.58,7.67,10.0,10.0,10.0,7.67,83.42,0.12,Green,4,0,0.0
185,Colombia,442.0,2015,Caturra,Natural / Dry,7.75,7.67,8.0,7.67,8.08,7.83,10.0,10.0,10.0,7.33,84.33,0.11,Green,6,0,0.0
352,Colombia,1799.0,2016,Caturra,Washed / Wet,7.75,7.58,7.58,7.75,7.75,7.5,10.0,10.0,10.0,7.58,83.5,0.0,Bluish-Green,0,5,0.0
194,Colombia,2560.0,2016,Caturra,Natural / Dry,7.83,7.58,7.75,7.58,7.67,8.0,10.0,10.0,10.0,7.83,84.25,0.11,Green,0,2,0.0
275,Colombia,2527.0,2017,Caturra,Washed / Wet,7.92,7.58,7.5,7.83,7.58,7.67,10.0,10.0,10.0,7.75,83.83,0.0,Green,1,6,0.0
502,Colombia,442.0,2016,No informado,No informado,7.67,7.67,7.33,7.67,7.5,7.58,10.0,10.0,10.0,7.58,83.0,0.11,Green,0,4,0.0
201,Colombia,442.0,2015,Caturra,Natural / Dry,7.42,7.67,7.83,7.75,7.92,7.83,10.0,10.0,10.0,7.83,84.25,0.12,Green,3,0,0.0
302,Colombia,442.0,2015/2016,Caturra,Natural / Dry,7.75,7.67,7.5,7.67,7.58,7.83,10.0,10.0,10.0,7.75,83.75,0.0,Green,0,0,0.0
734,Colombia,442.0,2012,Caturra,Natural / Dry,7.83,7.58,7.33,7.25,7.58,7.42,10.0,10.0,10.0,7.33,82.33,0.0,Green,0,0,0.0
378,Colombia,442.0,2016,Caturra,Washed / Wet,7.67,7.67,7.5,7.67,7.67,7.58,10.0,10.0,10.0,7.67,83.42,0.11,Green,0,2,0.0
174,Colombia,,2015/2016,Caturra,Natural / Dry,7.92,7.83,7.75,7.67,7.92,7.67,10.0,10.0,10.0,7.67,84.42,0.0,Green,0,1,0.0
516,Colombia,1000.0,2013,Caturra,Natural / Dry,7.33,7.67,7.75,7.42,7.75,7.58,10.0,10.0,10.0,7.5,83.0,0.11,Green,0,1,0.0
479,Colombia,1799.0,2016,Caturra,Washed / Wet,7.58,7.67,7.33,7.67,7.75,7.58,10.0,10.0,10.0,7.5,83.08,0.0,Green,0,4,1.0
355,Colombia,1000.0,2016,Caturra,Natural / Dry,7.75,7.58,7.58,7.5,7.75,7.75,10.0,10.0,10.0,7.58,83.5,0.0,Green,0,0,0.0
410,Colombia,1000.0,2013,Caturra,Natural / Dry,7.67,7.67,7.5,7.67,7.92,7.42,10.0,10.0,10.0,7.5,83.33,0.11,Green,0,1,0.0
376,Colombia,439.0,2017 / 2018,Caturra,Washed / Wet,7.5,7.58,7.58,7.5,7.75,7.83,10.0,10.0,10.0,7.67,83.42,0.0,Green,0,1,2.0
702,Colombia,442.0,2012,Caturra,Natural / Dry,7.67,7.33,7.25,7.42,7.5,7.67,10.0,10.0,10.0,7.58,82.42,0.0,No informado,0,2,0.0
93,Colombia,2136.0,2012,Caturra,Natural / Dry,7.83,8.0,7.75,7.75,7.83,7.83,10.0,10.0,10.0,8.08,85.08,0.11,Green,0,8,0.0
794,Colombia,1600.0,Jan-11,No informado,No informado,7.67,7.42,7.67,7.33,7.25,7.58,10.0,10.0,10.0,7.17,82.08,0.08,No informado,1,5,0.0
306,Colombia,1550.0,2014,Other,Washed / Wet,7.67,7.42,7.42,7.42,8.0,8.33,10.0,10.0,10.0,7.5,83.75,0.0,Green,0,3,0.0
245,Colombia,1600.0,2014/2015,Other,Washed / Wet,7.67,7.67,7.83,7.58,7.58,7.83,10.0,10.0,10.0,7.83,84.0,0.11,Green,2,7,0.0
223,Colombia,1530.0,2014/2015,Other,Washed / Wet,7.67,7.5,7.67,7.42,7.83,8.58,10.0,10.0,10.0,7.5,84.17,0.12,Green,0,4,0.0
248,Colombia,1480.0,2014,No informado,Washed / Wet,7.67,7.75,7.67,7.67,7.67,7.75,10.0,10.0,10.0,7.83,84.0,0.12,Green,0,0,0.0
553,Colombia,1450.0,2013,Other,Washed / Wet,7.83,7.67,7.42,7.42,7.5,7.58,10.0,10.0,10.0,7.5,82.92,0.11,Green,3,5,0.0
199,Colombia,1775.0,2015,Caturra,Washed / Wet,7.83,7.67,7.75,7.58,7.92,7.75,10.0,10.0,10.0,7.75,84.25,0.12,Green,4,2,0.0
146,Colombia,1500.0,2016,Other,Washed / Wet,7.83,7.67,7.58,7.92,7.67,7.83,10.0,10.0,10.0,8.08,84.58,0.0,Blue-Green,0,4,0.0
1003,Colombia,1600.0,2016,Caturra,Washed / Wet,7.67,7.5,7.42,5.25,7.67,7.75,10.0,10.0,10.0,7.75,81.0,0.0,Green,0,4,4.0
756,Colombia,,No informado,No informado,No informado,7.17,7.25,7.58,7.25,7.58,7.67,10.0,10.0,10.0,7.75,82.25,0.22,No informado,0,2,0.0
851,Colombia,1775.0,2013,Caturra,Washed / Wet,7.5,7.5,7.0,7.42,7.5,7.58,10.0,10.0,10.0,7.33,81.83,0.0,Bluish-Green,2,0,0.0
250,Colombia,1775.0,2014,Caturra,Washed / Wet,7.67,7.67,7.5,7.5,7.67,7.67,10.0,10.0,10.0,8.33,84.0,0.12,Green,0,3,0.0
111,Colombia,1775.0,2012,Caturra,Washed / Wet,7.75,7.92,7.83,7.75,7.75,8.0,10.0,10.0,10.0,7.92,84.92,0.11,Green,0,3,0.0
184,Colombia,,2016,No informado,No informado,7.67,7.67,7.75,7.83,7.75,7.83,10.0,10.0,10.0,7.83,84.33,0.0,No informado,0,4,2.0
340,Colombia,1800.0,2015,Caturra,Washed / Wet,7.67,7.75,7.58,7.67,7.75,7.58,10.0,10.0,10.0,7.58,83.58,0.12,Green,0,3,0.0
175,Colombia,1775.0,2014,Caturra,Washed / Wet,7.92,7.75,7.67,7.92,7.67,7.75,10.0,10.0,10.0,7.75,84.42,0.0,Green,0,3,0.0
217,Colombia,1775.0,2015,Caturra,Washed / Wet,8.0,7.5,7.5,7.67,8.0,7.83,10.0,10.0,10.0,7.67,84.17,0.0,Bluish-Green,0,0,0.0
633,Colombia,,2009-2010,No informado,No informado,7.5,7.42,7.33,7.33,7.67,7.83,10.0,10.0,10.0,7.58,82.67,0.21,No informado,0,2,0.0
372,Colombia,1775.0,2012,Caturra,Washed / Wet,7.67,7.58,7.58,7.67,7.67,7.67,10.0,10.0,10.0,7.67,83.5,0.11,Green,0,0,0.0
357,Colombia,1775.0,2015,Caturra,Washed / Wet,7.58,7.58,7.58,7.58,7.75,7.67,10.0,10.0,10.0,7.75,83.5,0.12,Green,0,4,0.0
558,Colombia,1450.0,Abril - Julio /2011,No informado,No informado,7.5,7.75,7.33,7.75,7.08,7.83,10.0,10.0,10.0,7.67,82.92,0.15,No informado,0,0,0.0
348,Colombia,1775.0,2012,Caturra,Washed / Wet,7.67,7.67,7.58,7.67,7.75,7.58,10.0,10.0,10.0,7.67,83.58,0.11,Green,0,3,0.0
1060,Colombia,,No informado,No informado,No informado,7.17,7.25,7.08,7.42,7.08,7.42,10.0,10.0,10.0,7.25,80.67,0.18,No informado,0,2,0.0
572,Colombia,1775.0,2013,Caturra,Washed / Wet,7.83,7.5,7.5,7.42,7.5,7.5,10.0,10.0,10.0,7.58,82.83,0.11,Green,0,3,0.0
692,Colombia,1775.0,2013,Caturra,Washed / Wet,7.67,7.42,7.33,7.5,7.58,7.5,10.0,10.0,10.0,7.42,82.42,0.11,Green,0,9,0.0
806,Colombia,1900.0,2013,Caturra,Washed / Wet,7.33,7.33,7.58,7.5,7.5,7.58,10.0,10.0,10.0,7.17,82.0,0.11,Green,0,1,0.0
518,Colombia,1775.0,2012,Caturra,Washed / Wet,7.5,7.5,7.42,7.58,7.75,7.58,10.0,10.0,10.0,7.67,83.0,0.11,Green,1,2,0.0
604,Colombia,1775.0,2012,Caturra,Washed / Wet,7.67,7.58,7.58,7.58,7.5,7.42,10.0,10.0,10.0,7.42,82.75,0.11,Green,0,3,0.0
526,Colombia,1775.0,2011,Caturra,Washed / Wet,7.67,7.67,7.58,7.5,7.67,7.42,10.0,10.0,10.0,7.5,83.0,0.12,Bluish-Green,0,0,0.0
933,Colombia,1450.0,Abril - Julio,No informado,No informado,7.42,7.42,7.17,7.42,7.42,7.33,10.0,10.0,10.0,7.33,81.5,0.06,No informado,1,0,0.0
338,Colombia,,2016,Caturra,Washed / Wet,7.75,7.75,7.58,7.58,7.67,7.58,10.0,10.0,10.0,7.67,83.58,0.11,Green,0,4,0.0
593,Colombia,1775.0,2014,Caturra,Washed / Wet,7.5,7.58,7.58,7.75,7.33,7.5,10.0,10.0,10.0,7.5,82.75,0.0,Blue-Green,0,2,0.0
550,Colombia,1900.0,2013,Caturra,Washed / Wet,7.58,7.5,7.75,7.33,7.58,7.58,10.0,10.0,10.0,7.58,82.92,0.11,Green,0,2,0.0
877,Colombia,,2016,No informado,No informado,7.75,7.75,7.75,7.67,5.25,7.83,10.0,10.0,10.0,7.67,81.67,0.0,No informado,0,1,1.0
152,Colombia,1750.0,2013,Caturra,Washed / Wet,7.75,7.75,7.83,7.75,7.58,8.0,10.0,10.0,10.0,7.92,84.58,0.0,No informado,0,5,0.0
108,Colombia,1775.0,2015,Caturra,Washed / Wet,7.92,7.83,7.75,7.83,7.75,8.0,10.0,10.0,10.0,7.83,84.92,0.12,Green,0,1,0.0
468,Colombia,1775.0,2012,Caturra,Washed / Wet,7.67,7.5,7.5,7.5,7.58,8.17,10.0,10.0,10.0,7.25,83.17,0.11,Green,1,2,0.0
754,Colombia,1775.0,2012,Caturra,Washed / Wet,7.67,7.33,7.33,7.33,7.5,7.5,10.0,10.0,10.0,7.58,82.25,0.11,Green,0,0,0.0
480,Colombia,,2016,Caturra,Washed / Wet,7.75,7.5,7.5,7.42,8.0,7.75,10.0,10.0,10.0,7.17,83.08,0.0,Green,1,5,2.0
652,Colombia,1775.0,2012,Caturra,Washed / Wet,7.33,7.42,7.58,7.42,7.67,7.5,10.0,10.0,10.0,7.67,82.58,0.11,Green,2,2,0.0
236,Colombia,1775.0,2014,Caturra,Washed / Wet,7.92,7.75,7.67,7.75,7.67,7.67,10.0,10.0,10.0,7.67,84.08,0.0,No informado,0,2,0.0
536,Colombia,1500.0,2017,Caturra,Washed / Wet,7.58,7.67,7.5,7.33,7.67,7.58,10.0,10.0,10.0,7.58,82.92,0.11,Green,0,1,0.0
107,Colombia,,2016,Caturra,Washed / Wet,7.92,7.92,7.67,7.83,7.92,7.83,10.0,10.0,10.0,7.83,84.92,0.0,No informado,1,2,6.0
1068,Colombia,,No informado,No informado,No informado,7.08,7.25,7.0,7.5,7.08,7.33,10.0,10.0,10.0,7.33,80.58,0.0,No informado,0,2,0.0
269,Colombia,1775.0,2014,Caturra,Washed / Wet,7.75,7.58,7.67,7.83,7.83,7.67,10.0,10.0,10.0,7.58,83.92,0.0,Green,0,1,0.0
98,Colombia,,2016,Caturra,Washed / Wet,8.0,7.92,7.75,7.92,7.75,7.83,10.0,10.0,10.0,7.83,85.0,0.0,Green,0,3,0.0
456,Colombia,1775.0,2014,Caturra,Washed / Wet,7.58,7.5,7.5,7.67,7.5,7.67,10.0,10.0,10.0,7.75,83.17,0.0,No informado,0,4,0.0
212,Colombia,,2016,Caturra,Washed / Wet,7.83,7.75,7.58,7.67,7.75,7.83,10.0,10.0,10.0,7.75,84.17,0.0,Green,0,2,0.0
815,Colombia,1775.0,Mayo a Julio,Caturra,No informado,7.33,7.0,7.08,7.42,7.5,7.67,10.0,10.0,10.0,8.0,82.0,0.07,No informado,0,2,0.0
672,Colombia,1775.0,2012,Caturra,Washed / Wet,7.67,7.5,7.33,7.5,7.25,7.67,10.0,10.0,10.0,7.58,82.5,0.11,Green,1,3,0.0
437,Colombia,1775.0,2012,Caturra,Washed / Wet,7.67,7.67,7.5,7.5,7.58,7.67,10.0,10.0,10.0,7.67,83.25,0.11,Green,0,0,0.0
300,Colombia,,2016,No informado,Washed / Wet,7.92,7.75,7.5,7.67,7.75,7.5,10.0,10.0,10.0,7.67,83.75,0.0,Green,1,4,0.0
514,Colombia,1775.0,2013,Caturra,Washed / Wet,7.75,7.42,7.33,7.5,7.58,7.17,10.0,10.0,10.0,8.25,83.0,0.11,Green,1,1,0.0
276,Colombia,,2016,Caturra,No informado,7.83,7.67,7.5,7.75,7.75,7.75,10.0,10.0,10.0,7.58,83.83,0.0,Green,1,0,2.0
198,Colombia,1775.0,2015,Caturra,Washed / Wet,7.67,7.67,7.75,7.75,7.67,7.92,10.0,10.0,10.0,7.83,84.25,0.11,Green,0,3,0.0
870,Colombia,1775.0,Mayo a Julio,No informado,No informado,7.42,7.58,6.92,7.08,7.25,8.0,10.0,10.0,10.0,7.5,81.75,0.08,No informado,0,0,0.0
326,Colombia,1900.0,2013,Caturra,Washed / Wet,7.67,7.67,7.67,7.67,7.33,7.75,10.0,10.0,10.0,7.92,83.67,0.0,Green,0,1,0.0
528,Colombia,1450.0,Abril - Julio,No informado,No informado,7.33,7.67,7.58,7.33,7.58,7.92,10.0,10.0,10.0,7.58,83.0,0.08,No informado,0,1,0.0
305,Colombia,1775.0,2014,Caturra,Washed / Wet,7.67,7.67,7.67,7.92,7.5,7.67,10.0,10.0,10.0,7.67,83.75,0.0,Green,0,5,0.0
680,Colombia,1600.0,2016,Caturra,Washed / Wet,5.08,7.75,7.83,7.75,7.83,8.08,10.0,10.0,10.0,8.08,82.42,0.11,Green,0,1,0.0
399,Colombia,,2016,Caturra,Washed / Wet,7.83,7.58,7.58,7.58,7.5,7.58,10.0,10.0,10.0,7.67,83.33,0.0,Green,1,2,0.0
147,Colombia,,2016,Caturra,Washed / Wet,7.92,7.83,7.58,8.0,7.83,7.67,10.0,10.0,10.0,7.75,84.58,0.0,Green,0,5,1.0
951,Colombia,,2016,Caturra,Washed / Wet,7.5,7.33,7.33,7.17,7.33,7.42,10.0,10.0,10.0,7.25,81.33,0.0,No informado,0,0,0.0
493,Colombia,1775.0,Mayo a Julio,Caturra,No informado,7.33,7.33,7.33,7.58,7.25,8.08,10.0,10.0,10.0,8.17,83.08,0.01,No informado,0,0,0.0
1198,No informado,,No informado,No informado,No informado,6.75,6.75,6.42,6.83,7.58,7.5,10.0,10.0,10.0,7.25,79.08,0.1,No informado,0,3,0.0
398,Colombia,,2016,Caturra,Washed / Wet,7.67,7.58,7.58,7.42,7.67,7.75,10.0,10.0,10.0,7.67,83.33,0.0,Blue-Green,0,0,0.0
571,Colombia,1800.0,2013,Typica,Natural / Dry,7.5,7.42,7.58,7.5,7.58,7.58,10.0,10.0,10.0,7.67,82.83,0.0,Green,4,4,0.0
313,Colombia,1600.0,4T/10,No informado,No informado,7.75,7.67,7.25,7.25,7.58,8.5,10.0,10.0,10.0,7.75,83.75,0.06,No informado,0,1,0.0
494,Colombia,1880.0,47/2010,No informado,No informado,7.83,7.75,7.33,7.25,7.42,7.92,10.0,10.0,10.0,7.58,83.08,0.08,No informado,1,3,0.0
858,Colombia,1700.0,1t/2011,No informado,No informado,7.58,7.5,7.17,7.58,7.33,7.33,10.0,10.0,10.0,7.33,81.83,0.05,No informado,0,0,0.0
186,Colombia,1800.0,2013,Caturra,Washed / Wet,7.75,7.58,7.33,7.83,7.58,8.08,10.0,10.0,10.0,8.17,84.33,0.0,Green,0,0,0.0
397,Colombia,1650.0,2016,Caturra,Washed / Wet,7.75,7.5,7.75,7.58,7.58,7.58,10.0,10.0,10.0,7.58,83.33,0.0,No informado,0,0,1.0
623,Colombia,1800.0,2012,Caturra,Washed / Wet,7.75,7.58,7.67,7.25,7.58,7.42,10.0,10.0,10.0,7.42,82.67,0.11,Bluish-Green,0,3,0.0
772,Colombia,1750.0,2013,Caturra,Washed / Wet,7.33,7.25,7.25,7.58,7.75,7.5,10.0,10.0,10.0,7.5,82.17,0.0,Bluish-Green,0,1,0.0
439,Colombia,1880.0,4t/2010,No informado,No informado,8.0,7.67,7.67,7.25,7.67,7.5,10.0,10.0,10.0,7.5,83.25,0.13,No informado,0,1,0.0
531,Colombia,1800.0,4t/2011,No informado,No informado,7.5,7.58,7.67,7.67,7.58,7.58,10.0,10.0,10.0,7.42,83.0,0.06,No informado,0,2,0.0
253,Colombia,1700.0,2013,Caturra,Washed / Wet,7.67,7.83,7.67,7.75,7.67,7.75,10.0,10.0,10.0,7.67,84.0,0.11,Green,0,1,0.0
1168,Colombia,1800.0,4T/10,No informado,No informado,7.25,7.17,7.0,6.75,7.17,7.33,10.0,10.0,10.0,6.92,79.58,0.1,No informado,0,4,0.0
229,Colombia,1750.0,2012,Caturra,Washed / Wet,7.75,7.75,7.75,7.75,7.83,7.75,10.0,10.0,10.0,7.58,84.17,0.0,Green,0,2,0.0
648,Colombia,1750.0,2012,Caturra,Washed / Wet,7.75,7.5,7.75,7.25,7.33,7.58,10.0,10.0,10.0,7.42,82.58,0.11,No informado,0,3,0.0
329,Colombia,1750.0,2012,Caturra,Washed / Wet,7.75,7.75,7.58,7.83,7.17,7.75,10.0,10.0,10.0,7.83,83.67,0.11,Green,0,1,0.0
524,Colombia,1750.0,2012,Caturra,Washed / Wet,7.67,7.58,7.58,7.58,7.67,7.42,10.0,10.0,10.0,7.5,83.0,0.11,Green,0,0,0.0
523,Colombia,1625.0,2012,Caturra,Washed / Wet,7.75,7.58,7.5,7.67,7.83,7.75,9.33,10.0,10.0,7.58,83.0,0.0,Green,0,4,0.0
522,Colombia,,2012,Arusha,Natural / Dry,7.67,7.58,7.5,7.5,7.75,7.5,10.0,10.0,10.0,7.5,83.0,0.0,No informado,1,4,0.0
632,Colombia,1800.0,4T/10,No informado,No informado,8.08,7.67,7.67,7.33,7.33,7.17,10.0,10.0,10.0,7.42,82.67,0.08,No informado,0,3,0.0
949,Colombia,1880.0,4T72010,No informado,No informado,7.75,7.33,7.42,7.0,7.33,7.25,10.0,10.0,10.0,7.33,81.42,0.16,No informado,0,2,0.0
366,Colombia,1750.0,2013,Caturra,Washed / Wet,7.58,7.75,7.42,7.67,7.75,7.67,10.0,10.0,10.0,7.67,83.5,0.0,Green,1,1,0.0
367,Colombia,1750.0,2013,Caturra,Washed / Wet,7.58,7.67,7.58,7.75,7.58,7.75,10.0,10.0,10.0,7.58,83.5,0.11,Green,0,2,
205,Colombia,1700.0,2013,Caturra,Washed / Wet,7.58,7.5,7.75,7.83,7.92,7.83,10.0,10.0,10.0,7.83,84.25,0.11,Green,0,2,0.0
85,Colombia,1550.0,2015,Caturra,Washed / Wet,8.17,7.92,7.83,8.0,7.58,7.83,10.0,10.0,10.0,7.92,85.25,0.11,Green,0,0,0.0
362,Colombia,1850.0,2014,Caturra,Washed / Wet,8.0,7.58,7.25,7.58,7.92,7.58,10.0,10.0,10.0,7.58,83.5,0.11,Green,0,0,0.0
869,Colombia,1750.0,2011,Caturra,Washed / Wet,7.33,7.42,7.33,7.33,7.5,7.67,10.0,10.0,10.0,7.17,81.75,0.0,Green,0,1,0.0
704,Colombia,1750.0,2011,Caturra,Washed / Wet,7.33,7.58,7.17,7.58,7.42,7.58,10.0,10.0,10.0,7.75,82.42,0.0,Green,0,2,0.0
515,Colombia,1750.0,2013,Caturra,Washed / Wet,7.83,7.5,7.58,7.33,7.5,7.67,10.0,10.0,10.0,7.58,83.0,0.0,Green,0,0,0.0
777,Colombia,1800.0,4T/10,No informado,No informado,7.58,7.67,7.42,7.17,7.17,7.75,10.0,10.0,10.0,7.42,82.17,0.08,No informado,0,0,0.0
154,Colombia,1750.0,2012,Caturra,Washed / Wet,7.67,7.83,7.83,8.0,7.58,7.92,10.0,10.0,10.0,7.75,84.58,0.0,Green,0,2,0.0
470,Colombia,1750.0,2012,Caturra,Washed / Wet,7.58,7.67,7.5,7.58,7.67,7.67,10.0,10.0,10.0,7.5,83.17,0.11,Blue-Green,0,0,0.0
724,Colombia,1750.0,2013,Caturra,Washed / Wet,7.5,7.42,7.5,7.5,7.5,7.58,10.0,10.0,10.0,7.33,82.33,0.0,Green,0,1,0.0
1037,Colombia,1800.0,4T/2010,No informado,No informado,7.33,7.33,7.0,6.83,7.33,7.67,10.0,10.0,10.0,7.33,80.83,0.01,No informado,0,1,0.0
753,Colombia,1750.0,2012,Caturra,Washed / Wet,7.5,7.42,7.67,7.33,7.58,7.33,10.0,10.0,10.0,7.42,82.25,0.12,Green,0,1,0.0
288,Colombia,1750.0,2013,Caturra,Washed / Wet,7.67,7.58,7.58,7.83,7.58,7.67,10.0,10.0,10.0,7.92,83.83,0.11,Green,0,1,0.0
308,Colombia,1750.0,2013,Caturra,Washed / Wet,7.75,7.67,7.75,7.58,7.42,8.0,10.0,10.0,10.0,7.58,83.75,0.11,Green,0,3,0.0
414,Colombia,1750.0,2012,Caturra,Washed / Wet,7.5,7.67,7.67,7.58,7.67,7.58,10.0,10.0,10.0,7.67,83.33,0.0,Green,0,1,0.0
156,Colombia,1800.0,2012,Caturra,Washed / Wet,7.42,7.67,7.75,7.75,8.08,7.83,10.0,10.0,10.0,8.08,84.58,0.11,Green,0,6,0.0
551,Colombia,1750.0,2013,Caturra,Natural / Dry,7.75,7.5,7.25,7.5,7.75,7.5,10.0,10.0,10.0,7.67,82.92,0.0,Bluish-Green,0,0,0.0
436,Colombia,175.0,2012,Caturra,Washed / Wet,7.67,7.58,7.58,7.42,7.83,7.58,10.0,10.0,10.0,7.58,83.25,0.12,Green,0,1,0.0
948,Colombia,1750.0,2011,Caturra,Natural / Dry,7.5,7.42,7.25,7.17,7.17,7.75,10.0,10.0,10.0,7.17,81.42,0.11,Green,0,0,0.0
647,Colombia,1750.0,2013,Caturra,Washed / Wet,7.75,7.25,7.33,7.42,7.5,7.83,10.0,10.0,10.0,7.5,82.58,0.11,Blue-Green,0,3,0.0
307,Colombia,1750.0,2013,Caturra,Washed / Wet,7.58,7.67,7.75,7.67,7.67,7.67,10.0,10.0,10.0,7.75,83.75,0.0,Blue-Green,0,1,0.0
705,Colombia,1750.0,3T/2011,No informado,No informado,7.58,7.25,7.42,7.25,7.58,7.83,10.0,10.0,10.0,7.5,82.42,0.02,No informado,0,1,0.0
392,Colombia,1450.0,2012,Caturra,Washed / Wet,7.5,7.75,7.58,7.5,7.67,7.75,10.0,10.0,10.0,7.67,83.42,0.11,Green,0,2,0.0
1172,Colombia,1550.0,2013,Caturra,Washed / Wet,7.83,7.5,7.42,7.42,7.67,7.5,10.0,6.67,10.0,7.5,79.5,0.0,Green,0,2,0.0
55,Colombia,1800.0,2013,Caturra,Washed / Wet,8.0,8.0,8.0,8.17,7.83,8.0,10.0,10.0,10.0,7.92,85.92,0.0,Blue-Green,1,0,0.0
649,Colombia,1750.0,2013,Caturra,Washed / Wet,7.58,7.5,7.42,7.58,7.67,7.42,10.0,10.0,10.0,7.42,82.58,0.11,Green,0,0,0.0
665,Colombia,1750.0,2013,Caturra,Washed / Wet,7.5,7.5,7.42,7.42,7.58,7.58,10.0,10.0,10.0,7.5,82.5,0.11,Green,0,1,0.0
402,Colombia,1650.0,2015,Caturra,Washed / Wet,7.67,7.75,7.42,7.83,7.83,7.42,10.0,10.0,10.0,7.42,83.33,0.11,Green,0,1,0.0
438,Colombia,1700.0,1T/2011,No informado,No informado,7.92,7.75,7.25,7.42,7.83,7.58,10.0,10.0,10.0,7.5,83.25,0.08,No informado,0,0,0.0
325,Colombia,1750.0,2013,Caturra,Washed / Wet,7.83,7.75,7.67,7.58,7.58,7.67,10.0,10.0,10.0,7.58,83.67,0.0,Green,0,3,0.0
440,Colombia,1800.0,4T/2010,No informado,No informado,7.92,7.75,7.5,7.42,7.42,7.67,10.0,10.0,10.0,7.58,83.25,0.04,No informado,0,1,0.0
429,Colombia,1750.0,2013,Caturra,Washed / Wet,7.83,7.5,7.67,7.33,7.67,7.67,10.0,10.0,10.0,7.58,83.25,0.11,Green,0,1,0.0
833,Colombia,1600.0,4T/2010,No informado,No informado,7.67,7.33,7.33,7.58,7.33,7.33,10.0,10.0,10.0,7.33,81.92,0.09,No informado,0,1,0.0
1131,Colombia,,2015,No informado,Washed / Wet,7.83,7.67,7.58,7.75,7.83,7.17,6.67,10.0,10.0,7.42,79.92,0.0,Green,0,1,0.0
361,Colombia,,2014,No informado,Washed / Wet,7.67,7.42,7.67,7.83,7.58,7.67,10.0,10.0,10.0,7.67,83.5,0.0,No informado,1,0,0.0
163,Colombia,1800.0,2015/2016,Other,Washed / Wet,8.08,7.67,7.83,7.83,7.67,7.67,10.0,10.0,10.0,7.75,84.5,0.12,Green,1,0,0.0
393,Colombia,,No informado,No informado,No informado,7.58,7.58,7.58,7.67,7.75,7.67,10.0,10.0,10.0,7.58,83.42,0.1,No informado,1,3,0.0
613,Colombia,,2015,No informado,Washed / Wet,7.75,7.5,7.33,7.58,7.33,7.75,10.0,10.0,10.0,7.42,82.67,0.0,Green,1,9,0.0
200,Colombia,1800.0,2015/2016,Other,Washed / Wet,7.83,7.75,7.83,7.58,7.67,7.75,10.0,10.0,10.0,7.83,84.25,0.12,Green,0,0,0.0
267,Colombia,,2015,No informado,Washed / Wet,7.92,7.67,7.5,7.83,7.58,7.67,10.0,10.0,10.0,7.75,83.92,0.0,No informado,0,0,0.0
268,Colombia,,2014,No informado,Washed / Wet,7.83,7.75,7.58,7.58,7.75,7.75,10.0,10.0,10.0,7.67,83.92,0.0,No informado,1,1,0.0
21,United States,2019.0,2014,Other,Washed / Wet,8.0,8.25,8.08,8.5,8.25,8.0,10.0,10.0,10.0,8.17,87.25,0.0,No informado,0,0,0.0
16,United States,2080.0,2014,Other,Washed / Wet,8.0,8.5,8.58,8.17,8.17,8.0,10.0,10.0,10.0,8.17,87.58,0.0,No informado,0,0,0.0
12,United States,1872.0,2014,Other,Washed / Wet,8.25,8.42,8.17,8.33,8.08,8.17,10.0,10.0,10.0,8.5,87.92,0.0,No informado,0,0,0.0
13,United States,1943.0,2014,Other,Washed / Wet,8.08,8.67,8.33,8.42,8.0,8.08,10.0,10.0,10.0,8.33,87.92,0.0,No informado,0,0,0.0
40,United States,1941.0,2014,Other,Washed / Wet,7.67,8.17,8.0,8.0,8.17,8.08,10.0,10.0,10.0,8.08,86.17,0.0,No informado,0,0,0.0
24,United States,2112.0,2014,Other,Washed / Wet,8.25,8.33,8.17,8.17,7.83,8.17,10.0,10.0,10.0,8.17,87.08,0.0,No informado,0,0,0.0
344,Colombia,1600.0,2014,Caturra,Natural / Dry,7.67,7.58,7.67,7.67,7.67,7.67,10.0,10.0,10.0,7.67,83.58,0.0,Green,0,0,0.0
249,Colombia,1450.0,2014,Caturra,Natural / Dry,7.58,7.42,7.75,7.92,7.75,7.92,10.0,10.0,10.0,7.67,84.0,0.12,Green,0,0,0.0
387,Colombia,1813.0,2014/2015,Caturra,Washed / Wet,7.58,7.58,7.25,7.75,7.75,8.58,9.33,10.0,10.0,7.58,83.42,0.12,Green,0,1,0.0
86,Colombia,1550.0,2014,Caturra,Natural / Dry,7.58,8.08,7.92,7.83,8.0,7.92,10.0,10.0,10.0,7.92,85.25,0.12,Green,0,2,0.0
1056,Colombia,1550.0,2014,Caturra,Natural / Dry,7.67,7.5,7.42,7.67,7.5,7.75,10.0,10.0,6.67,8.5,80.67,0.0,No informado,0,1,0.0
427,Colombia,1483.0,2014,Caturra,Natural / Dry,7.58,7.58,7.5,7.58,7.58,7.75,10.0,10.0,10.0,7.67,83.25,0.0,Green,0,0,0.0
271,Colombia,1550.0,2014,Caturra,Natural / Dry,7.67,7.83,7.67,7.75,7.67,7.83,10.0,10.0,10.0,7.5,83.92,0.12,Green,0,3,0.0
364,Colombia,1650.0,2014,Caturra,Washed / Wet,7.75,7.58,7.33,7.5,7.83,7.83,10.0,10.0,10.0,7.67,83.5,0.0,No informado,2,0,0.0
151,Colombia,1550.0,2013,Caturra,Washed / Wet,7.67,7.67,7.58,7.75,7.58,8.5,10.0,10.0,10.0,7.83,84.58,0.0,No informado,0,0,0.0
345,Colombia,1550.0,2014,Caturra,Washed / Wet,7.67,7.58,7.67,7.58,7.67,7.75,10.0,10.0,10.0,7.67,83.58,0.12,Green,0,1,0.0
346,Colombia,1550.0,2014,Caturra,Washed / Wet,7.75,7.58,7.5,7.58,7.75,7.83,10.0,10.0,10.0,7.58,83.58,0.0,No informado,0,0,0.0
137,Colombia,1550.0,2013,Caturra,Washed / Wet,7.75,7.83,7.75,7.83,7.75,7.83,10.0,10.0,10.0,7.92,84.67,0.0,Green,0,0,0.0
371,Guatemala,1524.0,2012,Caturra,Washed / Wet,7.83,7.5,7.5,8.0,7.67,7.5,10.0,10.0,10.0,7.5,83.5,0.1,Green,0,5,0.0
214,Guatemala,1117.0,2016,Caturra,Washed / Wet,7.75,7.75,7.58,8.0,7.67,7.83,10.0,10.0,10.0,7.58,84.17,0.11,Green,0,6,0.0
581,Guatemala,1700.0,2017,Bourbon,Washed / Wet,7.5,7.67,7.17,7.67,7.67,7.58,10.0,10.0,10.0,7.5,82.75,0.11,Green,0,4,0.0
434,Guatemala,1311.0,2012,Bourbon,Washed / Wet,7.83,7.58,7.08,7.83,7.42,8.08,10.0,10.0,10.0,7.42,83.25,0.11,Green,0,9,0.0
1229,Guatemala,1311.0,2012,Bourbon,Washed / Wet,7.17,7.17,6.5,7.17,7.0,6.83,10.0,10.0,10.0,6.5,78.33,0.11,Green,1,4,0.0
150,Guatemala,1219.0,2014,Bourbon,Washed / Wet,8.0,7.92,7.67,7.58,7.58,7.67,10.0,10.0,10.0,8.17,84.58,0.09,Green,0,0,0.0
860,Guatemala,1700.0,2017,Bourbon,Washed / Wet,7.5,7.5,7.25,7.42,7.42,7.33,10.0,10.0,10.0,7.33,81.75,0.11,Green,0,1,1.0
1004,Guatemala,1219.0,2015,Bourbon,Washed / Wet,7.5,7.25,7.0,7.25,7.5,7.25,10.0,10.0,10.0,7.25,81.0,0.11,Green,0,1,0.0
1025,Guatemala,1524.0,2014,Pacas,Washed / Wet,7.58,7.42,6.92,7.5,7.25,7.17,10.0,10.0,10.0,7.08,80.92,0.12,Green,2,5,0.0
1187,Guatemala,1320.0,2016,Bourbon,Washed / Wet,7.08,7.0,6.92,7.42,7.0,6.92,10.0,10.0,10.0,6.83,79.17,0.11,Green,0,6,8.0
548,Guatemala,1500.0,2014,Caturra,Natural / Dry,7.67,7.83,7.42,7.5,7.33,7.5,10.0,10.0,10.0,7.67,82.92,0.1,Green,0,2,0.0
289,Guatemala,1311.0,2013,Bourbon,Washed / Wet,7.5,7.83,7.5,7.83,7.83,7.67,10.0,10.0,10.0,7.67,83.83,0.11,Green,0,3,0.0
388,Guatemala,1219.0,2013,Bourbon,Natural / Dry,7.75,7.83,7.33,7.83,7.5,7.67,10.0,10.0,10.0,7.5,83.42,0.1,Green,0,1,0.0
451,Guatemala,1500.0,2015,Bourbon,Washed / Wet,7.5,7.75,7.5,7.83,7.58,7.5,10.0,10.0,10.0,7.5,83.17,0.11,Green,0,1,0.0
1057,Guatemala,1550.0,2013,Bourbon,Washed / Wet,7.67,7.17,7.0,7.5,7.0,7.0,10.0,10.0,10.0,7.33,80.67,0.12,Green,0,5,0.0
84,Guatemala,,2016,Bourbon,No informado,8.0,7.92,7.75,8.0,7.92,7.83,10.0,10.0,10.0,7.83,85.25,0.1,Green,0,2,2.0
165,Guatemala,1311.0,2013,Bourbon,Washed / Wet,8.17,7.83,7.67,7.83,7.67,7.83,10.0,10.0,10.0,7.5,84.5,0.11,Green,0,2,0.0
334,Guatemala,1524.0,2012,Caturra,Washed / Wet,7.67,7.5,7.33,8.0,7.67,7.67,10.0,10.0,10.0,7.83,83.67,0.1,Green,0,0,0.0
1176,Guatemala,1219.0,2014,Other,Washed / Wet,7.25,7.33,6.83,7.0,7.0,7.17,10.0,10.0,10.0,6.83,79.42,0.1,Green,1,4,0.0
377,Guatemala,1700.0,2017,Bourbon,Washed / Wet,7.67,7.75,7.5,7.58,7.58,7.67,10.0,10.0,10.0,7.67,83.42,0.1,Green,0,3,0.0
230,Guatemala,,2012,Catuai,Natural / Dry,7.83,7.5,7.5,8.0,7.83,7.83,10.0,10.0,10.0,7.67,84.17,0.11,Bluish-Green,0,2,0.0
561,Guatemala,1700.0,2017,Bourbon,Washed / Wet,7.5,7.58,7.33,7.67,7.58,7.58,10.0,10.0,10.0,7.58,82.83,0.11,Green,1,2,1.0
854,Guatemala,1311.0,2013,Bourbon,Washed / Wet,7.83,7.67,7.33,7.33,7.67,7.83,9.33,10.0,9.33,7.5,81.83,0.11,Green,0,1,0.0
389,Guatemala,1500.0,2014,Caturra,Washed / Wet,7.67,7.75,7.5,7.83,7.58,7.5,10.0,10.0,10.0,7.58,83.42,0.1,Green,0,2,0.0
1188,Guatemala,1550.0,2015,Catuai,Washed / Wet,7.25,7.17,6.75,7.25,7.0,6.92,10.0,10.0,10.0,6.83,79.17,0.11,Green,0,6,0.0
718,Guatemala,1524.0,2014,Pacas,Washed / Wet,7.58,7.67,7.5,7.58,7.75,7.5,9.33,10.0,10.0,7.42,82.33,0.12,Green,0,3,0.0
1113,Guatemala,1311.0,2012,Bourbon,Washed / Wet,7.33,7.33,7.0,7.33,7.0,7.0,10.0,10.0,10.0,7.17,80.17,0.11,Green,0,5,0.0
278,Guatemala,1500.0,2016,Bourbon,Washed / Wet,7.75,7.75,7.5,7.75,7.83,7.58,10.0,10.0,10.0,7.67,83.83,0.11,Green,0,6,7.0
817,Guatemala,1219.0,2017,Bourbon,Washed / Wet,7.5,7.5,7.25,7.42,7.42,7.42,10.0,10.0,10.0,7.42,81.92,0.11,Green,0,0,2.0
676,Guatemala,1700.0,2017,Bourbon,Washed / Wet,7.58,7.5,7.33,7.75,7.33,7.5,10.0,10.0,10.0,7.42,82.42,0.1,Green,0,2,1.0
411,Guatemala,1311.0,2013,Bourbon,Washed / Wet,7.83,7.67,7.17,7.67,7.67,7.67,10.0,10.0,10.0,7.67,83.33,0.11,Green,0,3,0.0
1141,Guatemala,1700.0,2017,Bourbon,Washed / Wet,7.33,7.25,6.92,7.33,7.25,7.33,9.33,10.0,10.0,7.08,79.83,0.1,Green,0,2,0.0
196,Guatemala,1099.0,2015,Caturra,Washed / Wet,7.75,7.92,7.5,8.08,7.58,7.67,10.0,10.0,10.0,7.75,84.25,0.1,Green,0,1,0.0
1217,Guatemala,1219.0,2014,Other,Washed / Wet,7.33,7.17,6.92,7.58,7.25,7.17,8.67,9.33,10.0,7.17,78.58,0.12,Green,0,3,0.0
1040,Guatemala,1661.0,2015,Caturra,Washed / Wet,7.5,7.33,7.0,7.42,7.17,7.17,10.0,10.0,10.0,7.17,80.75,0.12,Green,0,1,0.0
727,Guatemala,1753.0,2012,Bourbon,Washed / Wet,7.67,7.5,7.33,7.67,7.5,7.33,10.0,10.0,10.0,7.33,82.33,0.11,Green,0,3,0.0
730,Guatemala,1311.0,2012,Bourbon,Washed / Wet,7.5,7.67,7.33,7.5,7.33,7.5,10.0,10.0,10.0,7.5,82.33,0.1,Green,2,5,0.0
195,Guatemala,1500.0,2016,Caturra,Washed / Wet,7.75,7.75,7.58,7.92,7.75,7.75,10.0,10.0,10.0,7.75,84.25,0.11,Green,0,4,4.0
1284,Guatemala,,2012,Bourbon,Washed / Wet,6.75,6.5,6.17,7.0,7.25,6.75,8.0,10.0,10.0,6.33,74.75,0.11,No informado,0,8,0.0
331,Guatemala,1311.0,2012,Bourbon,Washed / Wet,7.67,8.17,7.5,7.42,7.58,7.83,10.0,10.0,10.0,7.5,83.67,0.11,Green,0,13,0.0
1175,Guatemala,1219.0,2013,Bourbon,Washed / Wet,7.08,7.33,7.25,7.58,7.33,7.42,9.33,9.33,9.33,7.42,79.42,0.1,Green,0,2,0.0
149,Guatemala,1524.0,2014,Pacas,Washed / Wet,7.75,7.83,7.67,7.92,7.75,7.83,10.0,10.0,10.0,7.83,84.58,0.11,Green,0,1,0.0
247,Guatemala,1219.0,2014,Bourbon,Other,7.75,7.83,7.5,7.83,7.58,7.67,10.0,10.0,10.0,7.83,84.0,0.1,Green,0,0,0.0
570,Guatemala,1500.0,2014,Bourbon,Washed / Wet,7.67,7.67,7.75,7.67,7.42,7.17,10.0,10.0,10.0,7.5,82.83,0.1,Green,0,4,0.0
812,Guatemala,,2012,Bourbon,Natural / Dry,7.33,7.33,7.33,7.5,7.67,7.67,10.0,10.0,10.0,7.17,82.0,0.11,Green,0,3,0.0
169,Guatemala,,2012,Bourbon,Washed / Wet,7.67,8.0,7.67,8.0,7.5,7.83,10.0,10.0,10.0,7.83,84.5,0.11,Green,0,2,0.0
911,Guatemala,1219.0,2017,Bourbon,Washed / Wet,7.67,7.58,7.17,7.42,7.33,7.42,9.33,10.0,10.0,7.58,81.5,0.1,Green,0,0,0.0
1145,Guatemala,1901.64,2016,Bourbon,Washed / Wet,7.5,7.42,7.25,7.58,7.33,7.42,9.33,9.33,9.33,7.25,79.75,0.1,Green,0,1,4.0
634,Guatemala,1219.0,2017,Bourbon,Washed / Wet,7.5,7.42,7.42,7.75,7.5,7.5,10.0,10.0,10.0,7.5,82.58,0.1,Green,0,2,1.0
215,Guatemala,1565.0,2016,Caturra,Washed / Wet,7.75,7.92,7.58,7.92,7.67,7.67,10.0,10.0,10.0,7.67,84.17,0.1,Green,0,10,1.0
747,Guatemala,1391.0,2012,Bourbon,Washed / Wet,7.5,7.5,7.33,7.58,7.67,7.33,10.0,10.0,10.0,7.33,82.25,0.11,Green,0,2,0.0
1276,Guatemala,,2012,Bourbon,Washed / Wet,6.67,6.5,6.33,7.0,7.17,6.75,8.67,10.0,10.0,6.5,75.58,0.12,No informado,0,10,0.0
821,Guatemala,1550.0,2015,Catuai,Washed / Wet,7.58,7.58,7.17,7.83,7.17,7.33,10.0,10.0,10.0,7.25,81.92,0.11,Green,0,7,0.0
547,Guatemala,1500.0,2014,Bourbon,Washed / Wet,7.75,7.5,7.42,7.58,7.67,7.5,10.0,10.0,10.0,7.5,82.92,0.1,Green,0,1,0.0
838,Guatemala,1000.0,2015,Bourbon,Washed / Wet,7.58,7.5,7.33,7.42,7.58,7.25,10.0,10.0,10.0,7.17,81.83,0.1,Green,2,6,0.0
328,Guatemala,1311.0,2013,Bourbon,Washed / Wet,7.83,7.67,7.33,7.67,7.67,7.83,10.0,10.0,10.0,7.67,83.67,0.11,Green,0,2,0.0
1059,Guatemala,,2012,Bourbon,Washed / Wet,7.0,7.5,7.33,7.17,7.17,7.17,10.0,10.0,10.0,7.33,80.67,0.11,Green,0,3,0.0
70,Guatemala,1731.0,2013,Bourbon,Washed / Wet,8.0,7.83,7.67,8.33,7.83,8.0,10.0,10.0,10.0,7.83,85.5,0.11,Green,0,1,0.0
464,Guatemala,1311.0,2013,Bourbon,Washed / Wet,7.67,7.83,7.33,7.67,7.5,7.67,10.0,10.0,10.0,7.5,83.17,0.11,Green,0,2,0.0
420,Guatemala,2100.0,2016,Pacas,Washed / Wet,7.5,7.58,7.42,7.83,7.67,7.58,10.0,10.0,10.0,7.67,83.25,0.11,Green,0,7,2.0
666,Guatemala,1311.0,2013,Bourbon,Washed / Wet,7.83,7.67,7.17,7.33,7.5,7.67,10.0,10.0,10.0,7.33,82.5,0.11,Green,0,0,0.0
1209,Guatemala,1311.0,2013,Bourbon,Washed / Wet,7.33,7.08,6.33,7.25,7.0,7.0,10.0,10.0,10.0,6.75,78.75,0.12,Green,1,8,0.0
244,Guatemala,1707.0,2015,Caturra,Washed / Wet,7.67,7.83,7.58,7.92,7.75,7.67,10.0,10.0,10.0,7.58,84.0,0.12,Green,0,7,0.0
1255,Guatemala,1219.0,2014,Other,Washed / Wet,7.33,7.0,6.83,7.17,7.17,7.17,9.33,9.33,9.33,6.67,77.33,0.1,Green,1,2,0.0
1182,Guatemala,,2012,Bourbon,Washed / Wet,7.17,6.5,6.33,7.25,7.58,7.33,10.0,10.0,10.0,7.17,79.33,0.11,Green,0,6,0.0
1310,Guatemala,1417.0,2012,Catuai,Washed / Wet,7.5,6.67,6.67,7.67,7.33,6.67,8.0,1.33,1.33,6.67,59.83,0.1,Green,0,4,0.0
1066,Guatemala,1384.0,2014,Bourbon,Natural / Dry,7.17,7.42,6.83,7.5,7.17,7.25,10.0,10.0,10.0,7.25,80.58,0.11,Green,0,5,0.0
211,Guatemala,1700.0,2017,Bourbon,Washed / Wet,7.75,7.83,7.58,7.83,7.67,7.75,10.0,10.0,10.0,7.75,84.17,0.13,Green,0,1,0.0
1078,Guatemala,1859.0,2013,Bourbon,Washed / Wet,7.5,7.5,7.0,7.67,7.17,7.0,10.0,10.0,10.0,6.67,80.5,0.12,Green,1,1,0.0
889,Guatemala,1753.0,2012,Bourbon,Washed / Wet,7.5,7.67,7.33,7.33,7.33,7.33,10.0,10.0,10.0,7.17,81.67,0.11,Green,0,4,0.0
442,Guatemala,1901.0,2017,Bourbon,Washed / Wet,7.58,7.58,7.33,7.67,7.75,7.58,10.0,10.0,10.0,7.67,83.17,0.1,Green,0,1,0.0
246,Guatemala,1219.0,2014,Bourbon,Natural / Dry,7.92,7.67,7.42,7.92,7.75,7.83,10.0,10.0,10.0,7.5,84.0,0.1,Green,0,1,0.0
582,Guatemala,1219.0,2017,Bourbon,Washed / Wet,7.5,7.5,7.42,7.58,7.67,7.5,10.0,10.0,10.0,7.58,82.75,0.1,Green,0,1,0.0
919,Guatemala,1219.0,2014,Other,Washed / Wet,7.5,7.42,7.17,7.58,7.25,7.42,10.0,10.0,10.0,7.17,81.5,0.12,Green,0,0,0.0
1263,Guatemala,,2012,Bourbon,Washed / Wet,6.42,6.5,6.5,7.33,6.33,6.92,10.0,10.0,10.0,6.5,76.5,0.12,No informado,0,4,0.0
677,Guatemala,1700.0,2016,Bourbon,Washed / Wet,7.67,7.58,7.25,7.67,7.42,7.33,10.0,10.0,10.0,7.5,82.42,0.12,Green,0,0,0.0
59,Guatemala,1417.0,2012,Catuai,Washed / Wet,8.0,8.0,7.83,8.33,7.83,7.83,10.0,10.0,10.0,8.0,85.83,0.1,Bluish-Green,0,1,0.0
58,Guatemala,1524.0,2012,Bourbon,Washed / Wet,7.83,8.0,8.0,8.17,7.83,8.0,10.0,10.0,10.0,8.0,85.83,0.12,Green,0,3,0.0
1228,Guatemala,1219.0,2014,Other,Washed / Wet,7.17,6.5,6.67,7.0,7.17,7.17,10.0,10.0,10.0,6.67,78.33,0.1,Green,0,2,0.0
873,Guatemala,1219.0,2017,Bourbon,Washed / Wet,7.42,7.33,7.17,7.67,7.33,7.42,10.0,10.0,10.0,7.33,81.67,0.12,Green,0,3,1.0
525,Guatemala,1372.0,2012,Bourbon,Washed / Wet,7.5,7.67,7.5,7.67,7.5,7.83,10.0,10.0,10.0,7.33,83.0,0.1,Green,0,2,0.0
227,Guatemala,1311.0,2013,Bourbon,Washed / Wet,7.92,7.75,7.67,7.67,7.83,7.92,10.0,10.0,10.0,7.42,84.17,0.11,Green,0,4,0.0
595,Guatemala,1524.0,2014,Pacas,Washed / Wet,7.75,7.42,7.25,7.75,7.5,7.67,10.0,10.0,10.0,7.42,82.75,0.13,Green,0,2,0.0
1239,Guatemala,1219.0,2014,Other,Washed / Wet,7.42,7.25,6.83,7.33,7.0,6.92,9.33,9.33,9.33,7.25,78.0,0.1,Green,1,2,0.0
1161,Guatemala,1311.0,2013,Bourbon,Washed / Wet,7.5,7.0,6.83,7.08,7.08,7.17,10.0,10.0,10.0,7.0,79.67,0.11,Green,0,6,0.0
1091,Guatemala,1311.0,2013,Bourbon,Washed / Wet,7.33,7.33,6.83,7.5,7.0,7.17,10.0,10.0,10.0,7.17,80.33,0.11,Green,1,4,0.0
970,Guatemala,1524.0,2013,Caturra,Washed / Wet,7.5,7.33,7.5,7.58,7.0,7.25,10.0,10.0,10.0,7.08,81.25,0.11,Green,0,4,0.0
356,Guatemala,1219.0,2016,Bourbon,Washed / Wet,7.67,7.75,7.5,7.83,7.58,7.58,10.0,10.0,10.0,7.58,83.5,0.1,Bluish-Green,0,5,2.0
1002,Guatemala,1000.0,2016,Bourbon,Washed / Wet,7.42,7.25,7.17,7.5,7.25,7.17,10.0,10.0,10.0,7.25,81.0,0.09,Green,0,8,0.0
428,Guatemala,1500.0,2014,Caturra,Washed / Wet,7.5,7.67,7.58,7.67,7.67,7.5,10.0,10.0,10.0,7.67,83.25,0.1,Green,0,1,0.0
139,Guatemala,1311.0,2012,Bourbon,Washed / Wet,8.0,7.83,7.67,7.83,7.67,8.0,10.0,10.0,10.0,7.67,84.67,0.11,Green,0,4,0.0
566,Guatemala,1219.0,2015,Bourbon,Washed / Wet,7.58,7.58,7.33,7.67,7.67,7.5,10.0,10.0,10.0,7.5,82.83,0.11,Green,0,2,0.0
1249,Guatemala,1311.0,2013,Bourbon,Washed / Wet,7.0,6.83,6.67,7.17,6.83,6.83,10.0,10.0,10.0,6.5,77.83,0.11,Green,0,2,0.0
446,Guatemala,1500.0,2016,Caturra,Washed / Wet,7.67,7.75,7.42,7.75,7.58,7.5,10.0,10.0,10.0,7.5,83.17,0.11,Green,2,3,2.0
657,Guatemala,1219.0,2016,Bourbon,Washed / Wet,7.5,7.5,7.33,7.5,7.67,7.5,10.0,10.0,10.0,7.5,82.5,0.1,Green,0,2,2.0
1275,Guatemala,1311.0,2012,Bourbon,Washed / Wet,7.92,7.58,7.17,7.58,7.33,7.17,8.0,8.0,8.0,6.83,75.58,0.11,Green,0,15,0.0
1288,Guatemala,1311.0,2013,Bourbon,Washed / Wet,6.5,6.33,6.5,7.5,7.33,6.83,8.67,10.0,8.67,6.0,74.33,0.11,Green,1,1,0.0
1265,Guatemala,1311.0,2012,Bourbon,Washed / Wet,7.5,7.0,6.83,7.5,7.17,7.33,8.67,8.67,8.67,7.0,76.33,0.11,Green,0,8,0.0
505,Guatemala,1372.0,2015,Catuai,Washed / Wet,7.75,7.67,7.33,7.75,7.5,7.42,10.0,10.0,10.0,7.58,83.0,0.11,Green,0,2,0.0
1231,Guatemala,,2012,Bourbon,Washed / Wet,7.17,6.08,6.17,7.25,7.33,7.33,10.0,10.0,10.0,7.0,78.33,0.11,Green,0,9,0.0
834,Guatemala,518.0,2017,Bourbon,Washed / Wet,7.42,7.5,7.25,7.5,7.33,7.42,10.0,10.0,10.0,7.42,81.83,0.1,Green,1,1,0.0
452,Guatemala,1650.0,2015,Bourbon,Washed / Wet,7.92,7.67,7.42,7.75,7.5,7.5,10.0,10.0,10.0,7.42,83.17,0.12,Green,0,3,0.0
583,Guatemala,1219.0,2017,Bourbon,Washed / Wet,7.42,7.58,7.42,7.67,7.5,7.5,10.0,10.0,10.0,7.67,82.75,0.1,Green,0,1,0.0
579,Guatemala,1100.0,No informado,Caturra,Washed / Wet,7.5,7.58,7.42,7.67,7.58,7.5,10.0,10.0,10.0,7.5,82.75,0.1,Green,0,3,1.0
511,Guatemala,1500.0,2014,Bourbon,Washed / Wet,7.67,7.67,7.42,7.83,7.5,7.5,10.0,10.0,10.0,7.42,83.0,0.1,Green,1,0,0.0
1058,Guatemala,,2012,Bourbon,Washed / Wet,7.0,7.33,7.5,7.33,7.0,7.33,10.0,10.0,10.0,7.17,80.67,0.11,Green,0,2,0.0
552,Guatemala,1707.0,2013,Bourbon,Washed / Wet,7.83,7.75,7.25,7.92,7.5,7.17,10.0,10.0,10.0,7.5,82.92,0.11,Green,0,2,0.0
914,Guatemala,,2017,Bourbon,No informado,7.5,7.42,7.25,7.25,7.5,7.25,10.0,10.0,10.0,7.33,81.5,0.12,Green,0,0,0.0
324,Guatemala,1357.0,2014,Bourbon,Washed / Wet,8.0,7.5,7.33,8.0,8.0,8.0,9.33,10.0,10.0,7.5,83.67,0.1,Green,0,0,0.0
1193,Guatemala,1700.0,2017,Bourbon,Washed / Wet,7.58,7.67,7.42,7.42,7.67,7.67,8.67,8.67,8.67,7.67,79.08,0.1,Green,0,1,0.0
723,Guatemala,1311.0,2013,Bourbon,Washed / Wet,7.5,7.42,7.58,7.5,7.5,7.58,10.0,10.0,10.0,7.25,82.33,0.12,Green,2,1,0.0
327,Guatemala,1311.0,2013,Bourbon,Washed / Wet,7.67,7.67,7.42,7.67,8.0,7.75,10.0,10.0,10.0,7.5,83.67,0.12,Green,1,3,0.0
585,Guatemala,518.0,2017,Bourbon,Washed / Wet,7.58,7.58,7.33,7.58,7.33,7.67,10.0,10.0,10.0,7.67,82.75,0.12,Green,0,0,0.0
580,Guatemala,1800.0,2017,Caturra,Washed / Wet,7.58,7.67,7.5,7.58,7.5,7.42,10.0,10.0,10.0,7.5,82.75,0.11,Green,0,8,0.0
1075,Guatemala,1219.0,2014,Other,Washed / Wet,7.5,7.17,6.83,7.5,7.17,7.17,10.0,10.0,10.0,7.17,80.5,0.11,Green,0,3,0.0
670,Guatemala,,2012,Caturra,Natural / Dry,7.67,7.33,7.33,7.33,7.5,7.83,10.0,10.0,10.0,7.5,82.5,0.11,Green,0,5,0.0
904,Guatemala,1311.0,2013,Bourbon,Washed / Wet,7.42,7.33,7.17,7.58,7.42,7.5,10.0,10.0,10.0,7.17,81.58,0.12,Green,0,1,0.0
390,Guatemala,1311.0,2013,Bourbon,Washed / Wet,7.67,7.5,7.75,7.42,7.75,7.75,10.0,10.0,10.0,7.58,83.42,0.11,Green,0,0,0.0
936,Guatemala,1372.0,2016,Catuai,Washed / Wet,7.42,7.33,7.08,7.58,7.33,7.25,10.0,10.0,10.0,7.42,81.42,0.1,Green,0,0,0.0
897,Guatemala,,2017,Bourbon,Washed / Wet,7.42,7.42,7.08,7.5,7.42,7.33,10.0,10.0,10.0,7.42,81.58,0.12,Green,0,0,0.0
461,Guatemala,1524.0,2014,Catuai,Washed / Wet,7.33,7.83,7.17,8.17,7.33,7.67,10.0,10.0,10.0,7.67,83.17,0.09,Green,0,1,0.0
942,Guatemala,1550.0,2014,Bourbon,Washed / Wet,7.42,7.5,7.17,7.42,7.42,7.42,10.0,10.0,10.0,7.08,81.42,0.1,Green,0,6,0.0
1241,Guatemala,1311.0,2013,Bourbon,Washed / Wet,7.0,6.83,6.83,7.17,6.67,6.83,10.0,10.0,10.0,6.67,78.0,0.11,Green,3,9,0.0
737,Guatemala,1450.0,2016,Pacas,Washed / Wet,7.67,7.5,7.25,7.67,7.42,7.42,10.0,10.0,10.0,7.33,82.25,0.11,Green,0,2,2.0
945,Guatemala,1311.0,2013,Bourbon,Washed / Wet,7.42,7.33,7.25,7.42,7.42,7.5,10.0,10.0,10.0,7.08,81.42,0.12,Green,0,4,0.0
216,Guatemala,1000.0,2016,Bourbon,Washed / Wet,7.58,7.83,7.58,7.83,7.83,7.67,10.0,10.0,10.0,7.83,84.17,0.1,Green,0,2,0.0
1109,Guatemala,1311.0,2013,Bourbon,Washed / Wet,7.33,7.33,7.0,7.17,7.17,7.17,10.0,10.0,10.0,7.0,80.17,0.11,Green,0,2,0.0
285,Guatemala,1219.0,2014,Bourbon,Washed / Wet,7.58,7.83,7.33,8.0,7.58,7.75,10.0,10.0,10.0,7.75,83.83,0.1,Green,0,1,0.0
1246,Guatemala,,2012,Bourbon,Washed / Wet,7.17,6.17,6.17,7.08,7.33,6.83,10.0,10.0,10.0,7.17,77.92,0.11,Green,0,7,0.0
140,Guatemala,1524.0,2012,Bourbon,Washed / Wet,7.67,7.83,7.67,8.0,7.67,7.83,10.0,10.0,10.0,8.0,84.67,0.12,Green,0,4,0.0
1285,Guatemala,,2012,Bourbon,Washed / Wet,6.75,6.67,6.17,7.17,7.0,6.58,8.0,10.0,10.0,6.42,74.75,0.11,No informado,0,10,0.0
932,Guatemala,,2012,Bourbon,Washed / Wet,7.33,7.5,7.33,7.42,7.17,7.33,10.0,10.0,10.0,7.42,81.5,0.11,Green,0,1,0.0
872,Guatemala,1700.0,2017,Bourbon,Washed / Wet,7.42,7.42,7.08,7.42,7.33,7.42,10.0,10.0,10.0,7.58,81.67,0.1,Green,0,1,0.0
715,Guatemala,1676.0,2015,Bourbon,Washed / Wet,7.5,7.42,7.17,7.83,7.5,7.5,10.0,10.0,10.0,7.42,82.33,0.1,Green,0,6,0.0
1015,Guatemala,1901.0,2017,Bourbon,Washed / Wet,7.67,7.67,7.33,7.58,7.67,7.5,9.33,9.33,9.33,7.5,80.92,0.1,Green,0,2,0.0
504,Guatemala,1550.0,2015,Catuai,Washed / Wet,7.67,7.75,7.33,7.92,7.42,7.5,10.0,10.0,10.0,7.42,83.0,0.11,Green,0,3,0.0
625,Guatemala,1500.0,2012,Caturra,Washed / Wet,7.67,7.67,7.17,7.67,7.5,7.5,10.0,10.0,10.0,7.5,82.67,0.11,Green,0,0,0.0
678,Guatemala,518.0,2017,Bourbon,Washed / Wet,7.58,7.5,7.25,7.67,7.5,7.5,10.0,10.0,10.0,7.42,82.42,0.12,Green,0,0,0.0
816,Guatemala,1901.0,2017,Bourbon,Washed / Wet,7.58,7.5,7.25,7.58,7.58,7.5,9.33,10.0,10.0,7.58,81.92,0.1,Green,0,1,0.0
1158,Guatemala,1219.0,2016,Bourbon,Washed / Wet,7.42,7.42,7.25,7.58,7.42,7.33,9.33,9.33,9.33,7.25,79.67,0.1,Green,0,1,2.0
130,Guatemala,1600.0,2015,Bourbon,Washed / Wet,7.75,7.83,7.58,8.0,7.92,7.75,10.0,10.0,10.0,7.83,84.67,0.1,Green,0,1,0.0
1266,Guatemala,,2011/2012,Bourbon,Washed / Wet,6.17,6.5,6.5,7.17,7.0,6.83,10.0,10.0,10.0,6.17,76.33,0.11,No informado,0,5,0.0
506,Guatemala,1500.0,2015,Bourbon,Washed / Wet,7.83,7.67,7.25,7.67,7.75,7.5,10.0,10.0,10.0,7.33,83.0,0.11,Green,0,2,0.0
679,Guatemala,,2017,Caturra,Washed / Wet,7.5,7.42,7.08,7.75,7.67,7.5,10.0,10.0,10.0,7.5,82.42,0.11,Green,0,3,2.0
1070,Guatemala,1500.0,2017,Caturra,Washed / Wet,7.33,7.25,7.08,7.17,7.25,7.17,10.0,10.0,10.0,7.25,80.5,0.1,Green,0,4,0.0
337,Guatemala,1128.0,2016,Caturra,Washed / Wet,7.75,7.75,7.5,7.83,7.58,7.58,10.0,10.0,10.0,7.58,83.58,0.11,Green,0,0,1.0
53,Guatemala,,2016,Bourbon,Washed / Wet,7.92,8.08,7.92,8.08,8.08,7.83,10.0,10.0,10.0,8.0,85.92,0.1,Green,0,3,1.0
664,Guatemala,1311.0,2013,Bourbon,Washed / Wet,7.83,7.42,7.33,7.67,7.42,7.5,10.0,10.0,10.0,7.33,82.5,0.12,Green,0,4,0.0
204,Guatemala,1219.0,2014,Bourbon,Other,7.83,7.83,7.5,7.92,7.58,7.75,10.0,10.0,10.0,7.83,84.25,0.1,Green,0,1,0.0
1185,Guatemala,1219.0,2017,Bourbon,Washed / Wet,7.33,7.42,7.33,7.42,7.5,7.42,8.67,9.33,9.33,7.42,79.17,0.1,Green,0,0,0.0
1253,Guatemala,1311.0,2013,Bourbon,Washed / Wet,7.08,6.92,6.33,7.0,6.92,7.0,10.0,10.0,10.0,6.17,77.42,0.11,Green,2,15,0.0
1199,Guatemala,1219.0,2014,Other,Washed / Wet,7.33,7.17,6.58,7.42,7.08,6.83,10.0,10.0,10.0,6.58,79.0,0.12,Green,0,3,0.0
576,Guatemala,1311.0,2012,Bourbon,Washed / Wet,7.67,7.67,7.33,7.5,7.33,7.92,10.0,10.0,10.0,7.42,82.83,0.11,Green,0,10,0.0
1052,Guatemala,1500.0,2015/2016,Bourbon,Washed / Wet,7.67,7.42,6.83,7.17,7.42,7.17,10.0,10.0,10.0,7.0,80.67,0.11,Green,0,0,0.0
235,Guatemala,,2016,Bourbon,Washed / Wet,8.0,7.75,7.5,7.58,7.92,7.67,10.0,10.0,10.0,7.67,84.08,0.1,Green,0,4,0.0
976,Honduras,1450.0,2015,Catuai,Natural / Dry,7.42,7.33,7.0,7.42,7.33,7.33,10.0,10.0,10.0,7.33,81.17,0.13,Green,0,1,0.0
460,Honduras,1350.0,2014/2015,Caturra,Natural / Dry,7.67,7.67,7.5,7.67,7.5,7.67,10.0,10.0,10.0,7.5,83.17,0.11,Green,0,3,0.0
849,Honduras,1350.0,2014,Caturra,Natural / Dry,7.5,7.5,7.33,7.33,7.33,7.33,10.0,10.0,10.0,7.5,81.83,0.1,Green,0,4,0.0
1045,Honduras,1450.0,2015,Catuai,Natural / Dry,7.25,7.33,7.08,7.5,7.25,7.33,10.0,10.0,10.0,7.0,80.75,0.13,Green,0,1,0.0
365,Honduras,1350.0,2014/2015,Caturra,Natural / Dry,7.67,7.5,7.67,7.5,7.67,7.67,10.0,10.0,10.0,7.83,83.5,0.1,Green,0,3,0.0
883,Honduras,1400.0,2014,Caturra,Natural / Dry,7.5,7.33,7.5,7.5,7.17,7.17,10.0,10.0,10.0,7.5,81.67,0.1,Green,0,5,0.0
896,Honduras,1200.0,2018,Catimor,Washed / Wet,7.5,7.42,7.08,7.42,7.5,7.33,10.0,10.0,10.0,7.33,81.58,0.11,Blue-Green,0,3,1.0
764,Honduras,1350.0,2015,Catuai,Washed / Wet,7.67,7.5,7.25,7.42,7.58,7.42,10.0,10.0,10.0,7.33,82.17,0.11,Green,0,2,0.0
1305,Honduras,1450.0,2014,Catuai,Washed / Wet,7.0,6.17,6.17,6.67,6.5,6.17,8.0,8.0,8.0,6.5,69.17,0.1,Green,0,3,0.0
938,Honduras,1400.0,2015,Catuai,Washed / Wet,7.5,7.33,7.17,7.25,7.5,7.42,10.0,10.0,10.0,7.25,81.42,0.12,Green,0,1,0.0
874,Honduras,1450.0,2016,Catuai,Washed / Wet,7.58,7.5,7.33,7.33,7.42,7.25,10.0,10.0,10.0,7.25,81.67,0.11,Blue-Green,0,2,0.0
955,Honduras,1350.0,2015,Catuai,Washed / Wet,7.58,7.42,7.17,7.42,7.17,7.17,10.0,10.0,10.0,7.42,81.33,0.09,Green,0,4,0.0
123,Honduras,1450.0,2014,Catuai,Washed / Wet,7.83,7.75,8.0,7.67,7.67,7.67,10.0,10.0,10.0,8.17,84.75,0.11,Green,0,4,0.0
1044,Honduras,1350.0,2015,Catuai,Washed / Wet,7.42,7.17,7.08,7.42,7.25,7.25,10.0,10.0,10.0,7.17,80.75,0.09,Green,0,2,0.0
843,Honduras,1400.0,2015,Catuai,Washed / Wet,7.5,7.5,7.33,7.5,7.42,7.25,10.0,10.0,10.0,7.33,81.83,0.12,Green,0,1,0.0
1306,Honduras,1450.0,2014,Catuai,Washed / Wet,7.0,6.33,6.17,6.5,6.67,6.17,8.0,8.0,8.0,6.33,69.17,0.1,Green,0,4,0.0
966,Honduras,1400.0,2015,Catuai,Washed / Wet,7.42,7.17,7.17,7.5,7.33,7.25,10.0,10.0,10.0,7.42,81.25,0.12,Green,0,1,0.0
740,Honduras,1350.0,2015,Catuai,Washed / Wet,7.58,7.5,7.42,7.58,7.42,7.42,10.0,10.0,10.0,7.33,82.25,0.11,Green,0,2,0.0
1304,Honduras,1450.0,2014,Catuai,Washed / Wet,6.67,6.5,6.17,6.67,6.83,6.17,8.0,8.0,8.0,6.33,69.33,0.1,Green,0,4,0.0
1108,Honduras,1400.0,2015,Catuai,Washed / Wet,7.25,7.25,7.0,7.17,7.08,7.08,10.0,10.0,10.0,7.33,80.17,0.11,Green,0,0,0.0
1080,Honduras,1450.0,2016,No informado,No informado,7.25,7.42,7.0,7.42,7.33,7.0,10.0,10.0,10.0,7.0,80.42,0.1,Green,0,0,0.0
447,Honduras,1450.0,2016,Catuai,Washed / Wet,7.67,7.67,7.5,7.67,7.5,7.67,10.0,10.0,10.0,7.5,83.17,0.11,Blue-Green,0,1,1.0
913,Honduras,1400.0,2017,Caturra,Washed / Wet,7.5,7.5,7.33,7.42,7.17,7.25,10.0,10.0,10.0,7.33,81.5,0.1,Green,0,5,0.0
656,Honduras,1400.0,2017,Caturra,Washed / Wet,7.58,7.58,7.33,7.5,7.5,7.5,10.0,10.0,10.0,7.5,82.5,0.1,Green,0,4,0.0
759,Nicaragua,1000.0,No informado,No informado,No informado,7.5,7.5,7.33,7.42,7.5,7.42,10.0,10.0,10.0,7.5,82.17,0.1,Green,0,1,0.0
1096,Honduras,1400.0,2016,Caturra,Natural / Dry,7.25,7.25,7.0,7.0,7.42,7.0,10.0,10.0,10.0,7.33,80.25,0.1,Green,0,4,0.0
758,Honduras,1500.0,2015,Caturra,Washed / Wet,7.5,7.5,7.17,7.42,7.5,7.5,10.0,10.0,10.0,7.58,82.17,0.11,Bluish-Green,0,2,1.0
317,Honduras,1400.0,2016,Caturra,Washed / Wet,7.5,7.5,7.67,7.67,8.0,8.0,10.0,10.0,10.0,7.33,83.67,0.1,Green,0,2,0.0
243,Honduras,1500.0,2017,Caturra,Washed / Wet,7.42,7.83,7.75,7.92,7.75,7.58,10.0,10.0,10.0,7.75,84.0,0.1,Green,0,5,0.0
796,Honduras,1600.0,2016,Caturra,Natural / Dry,7.5,7.5,7.25,7.33,7.42,7.5,10.0,10.0,10.0,7.5,82.0,0.1,Green,0,7,1.0
29,Honduras,1400.0,2016,Caturra,No informado,8.17,8.08,8.08,8.0,8.08,8.0,10.0,10.0,10.0,8.25,86.67,0.1,Green,0,3,0.0
952,Honduras,1500.0,2016 / 2017,Caturra,Washed / Wet,7.5,7.5,7.0,7.17,7.5,7.33,10.0,10.0,10.0,7.33,81.33,0.11,Bluish-Green,0,3,2.0
181,Honduras,1500.0,2016,Caturra,No informado,7.92,8.0,7.75,7.67,7.67,7.75,10.0,10.0,10.0,7.58,84.33,0.1,Green,0,3,0.0
706,Honduras,1396.0,2017,Caturra,Washed / Wet,7.5,7.58,7.33,7.5,7.42,7.42,10.0,10.0,10.0,7.58,82.33,0.1,Green,0,8,1.0
818,Honduras,1400.0,2017,Caturra,Washed / Wet,7.58,7.5,7.25,7.33,7.42,7.5,10.0,10.0,10.0,7.33,81.92,0.12,Green,0,1,0.0
183,Honduras,1500.0,2016,Catuai,Washed / Wet,7.58,7.92,7.58,7.75,7.92,7.75,10.0,10.0,10.0,7.83,84.33,0.11,Green,0,2,1.0
795,Honduras,1600.0,2017,Caturra,Washed / Wet,7.5,7.5,7.17,7.5,7.5,7.42,10.0,10.0,10.0,7.42,82.0,0.12,Green,0,1,0.0
589,Honduras,1400.0,2017,Caturra,Natural / Dry,7.58,7.5,7.42,7.58,7.5,7.5,10.0,10.0,10.0,7.67,82.75,0.09,Green,0,6,1.0
1042,Honduras,1450.0,2015,Caturra,Natural / Dry,7.5,7.33,7.0,7.42,7.25,7.17,10.0,10.0,10.0,7.08,80.75,0.11,Green,0,2,0.0
1065,Honduras,1400.0,2014,Caturra,Washed / Wet,7.5,7.17,7.0,7.42,7.33,7.0,10.0,10.0,10.0,7.17,80.58,0.11,Green,0,5,0.0
805,Honduras,1400.0,2014,Caturra,Washed / Wet,7.33,7.33,7.33,7.5,7.5,7.83,10.0,10.0,10.0,7.17,82.0,0.11,Green,0,5,0.0
1186,Honduras,1650.0,2017,Catuai,Washed / Wet,7.58,7.0,6.75,6.92,7.0,6.92,10.0,10.0,10.0,7.0,79.17,0.11,Green,0,5,0.0
1071,Honduras,1650.0,2017,Catuai,Washed / Wet,7.58,7.33,7.0,7.17,7.33,7.08,10.0,10.0,10.0,7.0,80.5,0.11,Green,0,5,0.0
459,Honduras,1450.0,2013,Catuai,Natural / Dry,7.5,7.5,7.5,7.67,7.67,7.67,10.0,10.0,10.0,7.67,83.17,0.1,Green,0,5,0.0
959,Honduras,1450.0,2014,Catuai,Washed / Wet,7.33,7.33,7.17,7.33,7.5,7.33,10.0,10.0,10.0,7.33,81.33,0.12,Green,0,3,0.0
1006,Honduras,1350.0,2014,Caturra,Natural / Dry,7.42,7.25,7.25,7.33,7.25,7.17,10.0,10.0,10.0,7.33,81.0,0.12,Green,0,1,0.0
972,Nicaragua,1200.0,2016,No informado,Washed / Wet,7.33,7.5,7.17,7.17,7.58,7.17,10.0,10.0,10.0,7.25,81.17,0.09,Green,0,7,0.0
1309,Nicaragua,1100.0,2016,Caturra,Other,7.25,6.58,6.33,6.25,6.42,6.08,6.0,6.0,6.0,6.17,63.08,0.13,Green,1,5,0.0
912,Nicaragua,1100.0,2017,Caturra,Other,7.5,7.42,7.33,7.33,7.25,7.33,10.0,10.0,10.0,7.33,81.5,0.11,Green,0,3,0.0
1207,Nicaragua,1100.0,2016,Caturra,Other,7.17,7.0,6.92,7.0,7.0,7.0,10.0,10.0,10.0,6.75,78.83,0.1,Green,0,4,2.0
1215,Nicaragua,,2016,No informado,No informado,7.08,7.0,6.75,6.83,7.08,6.92,10.0,10.0,10.0,6.92,78.58,0.1,Green,1,7,5.0
1062,Nicaragua,,2016,No informado,No informado,7.08,7.5,7.0,7.25,7.42,7.0,10.0,10.0,10.0,7.33,80.58,0.11,Green,0,0,1.0
1200,Honduras,1350.0,2014,Pacas,Washed / Wet,7.0,7.0,7.0,7.0,7.0,7.0,10.0,10.0,10.0,7.0,79.0,0.11,Green,0,12,0.0
1294,Honduras,1350.0,2014,Pacas,Washed / Wet,7.0,7.17,6.83,7.17,7.0,7.17,8.0,8.0,8.0,7.08,73.42,0.11,Green,1,16,0.0
1237,Honduras,1350.0,2014,Pacas,Natural / Dry,6.83,7.0,6.67,7.0,7.0,6.83,10.0,10.0,10.0,6.67,78.0,0.11,Green,2,6,0.0
1272,Honduras,1350.0,2014,Pacas,Natural / Dry,6.83,6.83,6.67,6.83,7.0,6.83,9.33,8.67,10.0,7.0,76.0,0.11,Green,0,7,0.0
876,Nicaragua,,No informado,No informado,No informado,7.58,7.5,7.25,7.25,7.5,7.25,10.0,10.0,10.0,7.33,81.67,0.1,Green,0,1,0.0
318,Nicaragua,1250.0,2016,Caturra,Washed / Wet,7.67,7.75,7.67,7.67,7.83,7.58,10.0,10.0,10.0,7.5,83.67,0.1,Green,0,3,0.0
1123,Nicaragua,1250.0,2017,Caturra,Washed / Wet,7.33,7.08,6.92,7.08,7.42,7.17,10.0,10.0,10.0,7.0,80.0,0.1,Green,0,5,0.0
567,Brazil,900.0,2015,Catuai,Natural / Dry,7.58,7.83,7.33,7.67,7.42,7.33,10.0,10.0,10.0,7.67,82.83,0.12,Green,2,6,0.0
219,Brazil,1150.0,2015,Catuai,Natural / Dry,7.67,7.75,7.75,7.67,7.83,7.75,10.0,10.0,10.0,7.75,84.17,0.0,No informado,0,16,0.0
954,Brazil,1100.0,2015/2016,Catuai,Natural / Dry,7.25,7.33,7.33,7.33,7.33,7.42,10.0,10.0,10.0,7.33,81.33,0.11,Green,0,14,0.0
937,Brazil,1100.0,2015/2016,Catuai,Natural / Dry,7.33,7.5,7.5,7.33,6.83,7.42,10.0,10.0,10.0,7.5,81.42,0.11,Green,0,2,0.0
836,Brazil,973.0,2016,Mundo Novo,Natural / Dry,7.42,7.5,7.42,7.5,7.42,7.25,10.0,10.0,10.0,7.33,81.83,0.11,Green,0,3,1.0
636,Brazil,,2016,No informado,Pulped natural / honey,7.5,7.58,7.42,7.5,7.75,7.33,10.0,10.0,10.0,7.5,82.58,0.11,Green,0,7,0.0
708,Brazil,,2016 / 2017,No informado,Natural / Dry,7.42,7.42,7.42,7.5,7.5,7.58,10.0,10.0,10.0,7.5,82.33,0.11,Green,0,14,4.0
819,Brazil,1020.0,2016 / 2017,Catuai,Natural / Dry,7.42,7.33,7.33,7.5,7.5,7.33,10.0,10.0,10.0,7.5,81.92,0.11,Green,0,4,0.0
498,Brazil,894.0,2016,Bourbon,Natural / Dry,7.5,7.58,7.58,7.67,7.58,7.5,10.0,10.0,10.0,7.58,83.0,0.11,Green,0,5,3.0
481,Brazil,905.0,2015,Yellow Bourbon,Pulped natural / honey,7.58,7.58,7.58,7.5,7.67,7.58,10.0,10.0,10.0,7.58,83.08,0.11,Bluish-Green,0,2,2.0
280,Brazil,,2015/2016,Yellow Bourbon,Natural / Dry,7.25,7.58,7.42,8.0,7.75,7.83,10.0,10.0,10.0,8.0,83.83,0.0,Green,0,0,0.0
497,Brazil,890.0,2017 / 2018,Bourbon,Natural / Dry,7.58,7.5,7.5,7.75,7.67,7.5,10.0,10.0,10.0,7.5,83.0,0.0,Green,0,4,0.0
482,Brazil,,2015/2016,Yellow Bourbon,Natural / Dry,7.33,7.67,7.67,7.33,7.75,7.42,10.0,10.0,10.0,7.92,83.08,0.0,Green,0,3,0.0
608,Brazil,890.0,2017 / 2018,Bourbon,Natural / Dry,7.5,7.58,7.25,7.75,7.58,7.5,10.0,10.0,10.0,7.5,82.67,0.0,Green,0,4,0.0
964,Brazil,,2015/2016,Yellow Bourbon,Natural / Dry,7.17,7.42,7.17,7.08,6.92,8.17,10.0,10.0,10.0,7.33,81.25,0.0,Green,0,1,0.0
262,Brazil,934.0,2016,Bourbon,Natural / Dry,7.58,7.67,7.67,7.75,7.58,7.83,10.0,10.0,10.0,7.83,83.92,0.11,Green,0,7,2.0
562,Brazil,905.0,2015,Yellow Bourbon,Pulped natural / honey,7.67,7.58,7.58,7.5,7.5,7.42,10.0,10.0,10.0,7.58,82.83,0.11,Bluish-Green,0,2,2.0
871,Brazil,890.0,2017 / 2018,Bourbon,Natural / Dry,7.42,7.5,7.25,7.5,7.5,7.25,10.0,10.0,10.0,7.25,81.67,0.11,Green,0,5,0.0
780,Brazil,894.0,2016,Bourbon,Natural / Dry,7.42,7.58,7.42,7.5,7.42,7.25,10.0,10.0,10.0,7.5,82.08,0.11,Green,0,3,1.0
654,Brazil,890.0,2017 / 2018,Bourbon,Natural / Dry,7.5,7.5,7.5,7.5,7.58,7.5,10.0,10.0,10.0,7.42,82.5,0.11,Green,0,4,0.0
499,Brazil,872.0,2016,Bourbon,Natural / Dry,7.5,7.67,7.58,7.67,7.58,7.42,10.0,10.0,10.0,7.58,83.0,0.11,Bluish-Green,0,3,2.0
1254,Brazil,890.0,2017 / 2018,Bourbon,Natural / Dry,7.5,7.33,7.42,7.58,7.58,6.92,8.0,8.0,10.0,7.0,77.33,0.0,Green,0,3,0.0
534,Brazil,890.0,2017 / 2018,Bourbon,Natural / Dry,7.67,7.58,7.5,7.58,7.58,7.5,10.0,10.0,10.0,7.5,82.92,0.0,Green,0,0,0.0
297,Brazil,890.0,2017 / 2018,Bourbon,Natural / Dry,7.67,7.67,7.58,7.75,7.67,7.67,10.0,10.0,10.0,7.75,83.75,0.11,Green,0,5,0.0
839,Brazil,,2015/2016,Yellow Bourbon,Natural / Dry,7.17,7.58,6.83,7.5,7.75,7.25,10.0,10.0,10.0,7.75,81.83,0.0,Green,0,1,0.0
738,Brazil,,2015/2016,Yellow Bourbon,Natural / Dry,7.42,7.67,7.5,7.08,7.5,7.42,10.0,10.0,10.0,7.67,82.25,0.0,Green,0,9,0.0
441,Brazil,890.0,2017 / 2018,Bourbon,Natural / Dry,7.67,7.42,7.5,7.58,7.67,7.58,10.0,10.0,10.0,7.75,83.17,0.11,Green,0,4,0.0
319,Brazil,934.0,2016,Bourbon,Natural / Dry,7.58,7.75,7.58,7.75,7.58,7.58,10.0,10.0,10.0,7.83,83.67,0.11,Green,0,3,2.0
609,Brazil,934.0,2016,Bourbon,Natural / Dry,7.5,7.58,7.5,7.67,7.5,7.42,10.0,10.0,10.0,7.5,82.67,0.11,Bluish-Green,0,3,2.0
259,Brazil,890.0,2017 / 2018,Bourbon,Natural / Dry,7.5,7.75,7.58,7.5,7.58,7.5,10.0,10.0,10.0,8.5,83.92,0.0,Green,0,3,0.0
315,Brazil,890.0,2017 / 2018,Bourbon,Natural / Dry,7.67,7.83,7.5,7.67,7.67,7.5,10.0,10.0,10.0,7.83,83.67,0.11,Green,0,2,0.0
878,Brazil,,2015/2016,Yellow Bourbon,Natural / Dry,7.25,7.75,6.92,7.42,7.5,7.58,10.0,10.0,10.0,7.25,81.67,0.0,Green,0,0,0.0
614,Brazil,,2015/2016,Yellow Bourbon,Natural / Dry,7.58,7.5,7.42,7.67,7.5,7.5,10.0,10.0,10.0,7.5,82.67,0.0,Green,0,0,0.0
757,Brazil,934.0,2016,Bourbon,Natural / Dry,7.42,7.42,7.5,7.42,7.42,7.5,10.0,10.0,10.0,7.5,82.17,0.11,Green,0,5,1.0
762,Brazil,,2015/2016,Yellow Bourbon,Natural / Dry,6.92,7.58,7.42,7.33,7.83,7.5,10.0,10.0,10.0,7.58,82.17,0.0,Green,0,1,0.0
336,Brazil,890.0,2017 / 2018,Bourbon,Natural / Dry,7.58,7.67,7.58,7.58,7.67,7.58,10.0,10.0,10.0,7.92,83.58,0.11,Green,0,5,0.0
590,Brazil,905.0,2015,Yellow Bourbon,Pulped natural / honey,7.5,7.5,7.58,7.5,7.58,7.58,10.0,10.0,10.0,7.5,82.75,0.11,Bluish-Green,0,1,2.0
840,Brazil,,2015/2016,Yellow Bourbon,Natural / Dry,7.58,7.0,6.92,6.92,7.67,7.5,10.0,10.0,10.0,8.25,81.83,0.0,Green,0,0,0.0
781,Brazil,,2015/2016,Yellow Bourbon,Natural / Dry,7.25,7.25,7.58,7.58,7.25,7.92,10.0,10.0,10.0,7.25,82.08,0.0,Green,0,1,0.0
709,Brazil,934.0,2016,Bourbon,Natural / Dry,7.5,7.5,7.42,7.5,7.42,7.5,10.0,10.0,10.0,7.5,82.33,0.11,Bluish-Green,0,3,2.0
684,Brazil,,2015/2016,Yellow Bourbon,Natural / Dry,7.17,7.83,7.33,7.5,7.75,7.42,10.0,10.0,10.0,7.42,82.42,0.0,Green,0,0,0.0
797,Brazil,944.0,2016,Bourbon,Natural / Dry,7.5,7.33,7.42,7.5,7.33,7.42,10.0,10.0,10.0,7.5,82.0,0.11,Green,0,3,2.0
1115,Brazil,1100.0,2017 / 2018,Bourbon,Pulped natural / honey,7.17,7.17,7.0,7.17,7.25,7.25,10.0,10.0,10.0,7.08,80.08,0.11,Green,0,5,0.0
507,Brazil,1000.0,2014,Catuai,Natural / Dry,7.67,7.67,7.67,7.5,7.42,7.5,10.0,10.0,10.0,7.58,83.0,0.0,Green,0,0,0.0
707,Brazil,982.0,2016,Catuai,Natural / Dry,7.33,7.5,7.5,7.33,7.5,7.5,10.0,10.0,10.0,7.67,82.33,0.11,Green,0,11,3.0
1095,Brazil,995.0,2017 / 2018,Catuai,Natural / Dry,7.17,7.33,7.42,7.08,7.0,7.0,10.0,10.0,10.0,7.25,80.25,0.11,Green,0,1,1.0
1274,Brazil,,2017 / 2018,No informado,Natural / Dry,7.17,7.0,6.83,7.5,7.17,7.0,8.0,8.0,10.0,7.0,75.67,0.11,Green,0,6,1.0
1303,Brazil,,2017 / 2018,No informado,Natural / Dry,7.0,7.0,6.83,7.0,7.33,6.83,6.0,6.0,10.0,6.67,70.67,0.11,Green,0,55,1.0
1021,Brazil,1200.0,2014/2015,Yellow Bourbon,Natural / Dry,7.25,7.33,7.25,7.25,7.25,7.33,10.0,10.0,10.0,7.25,80.92,0.12,Green,0,8,0.0
956,Brazil,1200.0,2014/2015,Yellow Bourbon,Other,7.17,7.33,7.42,7.25,7.42,7.33,10.0,10.0,10.0,7.42,81.33,0.12,Green,0,6,0.0
999,Brazil,,No informado,Bourbon,Pulped natural / honey,7.25,7.25,7.17,7.5,7.33,7.17,10.0,10.0,10.0,7.33,81.0,0.11,Green,0,9,6.0
1001,Brazil,,2016 / 2017,Yellow Bourbon,Pulped natural / honey,7.33,7.17,7.17,7.67,7.33,7.17,10.0,10.0,10.0,7.17,81.0,0.11,Bluish-Green,0,3,2.0
385,Brazil,,2014,Yellow Bourbon,Semi-washed / Semi-pulped,7.33,7.83,7.75,7.5,7.42,7.83,10.0,10.0,10.0,7.75,83.42,0.12,Green,0,6,0.0
714,Brazil,,2015,Mundo Novo,Natural / Dry,7.42,7.5,7.5,7.42,7.5,7.58,10.0,10.0,10.0,7.42,82.33,0.11,Green,0,10,0.0
1061,Brazil,,2016,No informado,No informado,7.33,7.25,7.33,7.08,7.58,7.25,9.33,10.0,10.0,7.42,80.58,0.11,Green,0,7,0.0
682,Brazil,,2016,No informado,No informado,7.42,7.5,7.33,7.5,7.25,7.42,10.0,10.0,10.0,8.0,82.42,0.11,Green,0,0,1.0
422,Brazil,,2016,No informado,No informado,7.58,7.67,7.42,7.5,7.67,7.42,10.0,10.0,10.0,8.0,83.25,0.12,Green,0,4,0.0
484,Brazil,,2015,Mundo Novo,Natural / Dry,7.42,7.67,7.58,7.5,7.75,7.67,10.0,10.0,10.0,7.5,83.08,0.11,Green,0,13,0.0
1007,Brazil,,2014,Mundo Novo,Natural / Dry,7.67,7.75,7.83,7.75,7.83,7.75,10.0,6.67,10.0,7.75,81.0,0.12,Green,0,0,0.0
766,Brazil,,2014,Mundo Novo,Natural / Dry,7.58,7.5,7.42,7.25,7.5,7.42,10.0,10.0,10.0,7.5,82.17,0.12,Green,0,1,0.0
638,Brazil,,2016,No informado,No informado,7.42,7.42,7.5,7.33,7.25,7.67,10.0,10.0,10.0,8.0,82.58,0.0,Green,1,2,9.0
615,Brazil,,2014,Catuai,Natural / Dry,7.33,7.5,7.58,7.58,7.67,7.5,10.0,10.0,10.0,7.5,82.67,0.12,No informado,0,9,0.0
1073,Brazil,1250.0,2015/2016,Yellow Bourbon,Semi-washed / Semi-pulped,7.25,7.33,7.17,7.5,7.33,7.25,9.33,10.0,10.0,7.33,80.5,0.11,Green,0,3,0.0
1293,Brazil,,2016,No informado,No informado,7.25,6.58,6.58,7.0,7.0,6.42,8.0,8.0,10.0,6.67,73.5,0.11,Green,0,0,1.0
1225,Brazil,,2014/2015,Catuai,Natural / Dry,6.83,7.0,6.92,7.08,6.92,6.83,10.0,10.0,10.0,6.83,78.42,0.12,Green,3,4,0.0
1038,Brazil,,2015/2016,No informado,Natural / Dry,7.17,7.25,7.08,7.17,7.25,7.58,10.0,10.0,10.0,7.25,80.75,0.0,Green,0,1,0.0
544,Brazil,1100.0,2014/2015,Moka Peaberry,Semi-washed / Semi-pulped,7.08,7.5,7.5,7.83,7.75,7.67,10.0,10.0,10.0,7.58,82.92,0.11,Green,0,16,0.0
1084,Taiwan,600.0,2013/2014,Typica,Washed / Wet,7.25,7.25,7.17,7.25,7.25,7.25,10.0,10.0,10.0,7.0,80.42,0.11,Green,0,0,0.0
842,Mexico,1425.0,2015,Catuai,Washed / Wet,7.58,7.5,7.33,7.5,7.17,7.33,10.0,10.0,10.0,7.42,81.83,0.11,Green,0,7,0.0
341,Mexico,1200.0,2014,Caturra,Washed / Wet,7.75,7.75,7.58,7.58,7.5,7.67,10.0,10.0,10.0,7.75,83.58,0.12,Green,1,13,0.0
974,Mexico,1200.0,2015,Caturra,Washed / Wet,7.75,7.58,7.08,7.25,7.08,7.25,10.0,10.0,10.0,7.17,81.17,0.12,Green,0,10,0.0
401,Mexico,1200.0,2014,Caturra,Washed / Wet,7.75,7.75,7.5,7.67,7.5,7.58,10.0,10.0,10.0,7.58,83.33,0.12,Green,0,2,0.0
542,Mexico,1059.0,2015,Typica,Natural / Dry,7.83,7.67,7.25,7.58,7.5,7.5,10.0,10.0,10.0,7.58,82.92,0.13,Blue-Green,0,3,0.0
424,Mexico,1261.0,2015,Typica,Natural / Dry,7.83,7.75,7.5,7.58,7.58,7.58,10.0,10.0,10.0,7.42,83.25,0.12,Bluish-Green,0,2,0.0
26,Brazil,1250.0,2011,Bourbon,Natural / Dry,8.5,8.5,8.0,8.0,8.0,8.0,10.0,10.0,10.0,7.92,86.92,0.12,Green,0,2,0.0
733,Brazil,950.0,2012,Mundo Novo,Washed / Wet,7.58,7.58,7.25,7.58,7.42,7.5,10.0,10.0,10.0,7.42,82.33,0.11,Green,0,2,0.0
755,Brazil,,2012,Arusha,Natural / Dry,7.67,7.58,7.42,7.0,7.5,7.58,10.0,10.0,10.0,7.5,82.25,0.12,Green,0,1,0.0
687,Brazil,1000.0,2012,Catuai,Semi-washed / Semi-pulped,7.58,7.67,7.33,7.5,7.5,7.42,10.0,10.0,10.0,7.42,82.42,0.12,Blue-Green,0,1,0.0
472,Brazil,1000.0,2012,Mundo Novo,Natural / Dry,7.75,7.67,7.58,7.5,7.58,7.58,10.0,10.0,10.0,7.5,83.17,0.12,Green,0,1,0.0
33,Brazil,1300.0,2011,Bourbon,Natural / Dry,8.5,8.17,8.0,7.75,8.0,8.0,10.0,10.0,10.0,8.0,86.42,0.12,Green,0,2,0.0
114,Brazil,1000.0,2011,Catuai,Natural / Dry,8.0,8.0,7.75,8.0,7.5,7.75,10.0,10.0,10.0,7.92,84.92,0.12,Green,0,2,0.0
857,Brazil,925.0,2011,Mundo Novo,No informado,7.33,7.67,7.25,7.5,7.5,7.25,10.0,10.0,10.0,7.33,81.83,0.02,No informado,0,2,0.0
103,Brazil,1100.0,2012,Mundo Novo,Natural / Dry,8.0,8.0,7.83,7.83,7.67,7.67,10.0,10.0,10.0,8.0,85.0,0.12,Green,0,3,0.0
985,Brazil,1000.0,2012,Mundo Novo,Natural / Dry,7.42,7.33,7.25,7.42,7.5,7.17,10.0,10.0,10.0,7.08,81.17,0.12,Green,0,1,0.0
703,Brazil,,2012,Arusha,Natural / Dry,7.75,7.5,7.42,7.42,7.5,7.42,10.0,10.0,10.0,7.42,82.42,0.11,Blue-Green,0,2,0.0
157,Brazil,1300.0,2011,Bourbon,Semi-washed / Semi-pulped,8.0,8.0,7.75,7.75,7.58,7.75,10.0,10.0,10.0,7.75,84.58,0.12,Green,0,2,0.0
811,Brazil,1050.0,2012,Catuai,Semi-washed / Semi-pulped,7.42,7.5,7.25,7.5,7.5,7.42,10.0,10.0,10.0,7.42,82.0,0.11,Blue-Green,0,1,0.0
158,Brazil,1100.0,2011,Catuai,Semi-washed / Semi-pulped,8.5,8.0,7.5,7.75,7.5,7.83,10.0,10.0,10.0,7.5,84.58,0.11,Blue-Green,0,1,0.0
74,Brazil,1250.0,2011,Bourbon,Semi-washed / Semi-pulped,8.0,8.0,8.0,7.67,7.75,8.0,10.0,10.0,10.0,8.0,85.42,0.11,Blue-Green,0,1,0.0
476,Brazil,900.0,2011,No informado,No informado,7.58,7.75,7.67,7.5,7.67,7.58,10.0,10.0,10.0,7.42,83.17,0.02,No informado,0,2,0.0
188,Brazil,1275.0,2011,Yellow Bourbon,No informado,8.17,8.0,7.5,7.75,7.5,7.67,10.0,10.0,10.0,7.75,84.33,0.0,No informado,0,4,0.0
46,Brazil,1250.0,2011,Bourbon,Semi-washed / Semi-pulped,8.33,8.0,8.0,8.0,7.75,8.0,10.0,10.0,10.0,8.0,86.08,0.11,Blue-Green,0,2,0.0
189,Brazil,1050.0,2011,No informado,No informado,8.0,8.0,7.5,7.5,7.67,7.75,10.0,10.0,10.0,7.92,84.33,0.02,No informado,0,2,0.0
832,Brazil,1100.0,2012,Mundo Novo,Natural / Dry,7.42,7.58,7.25,7.5,7.33,7.5,10.0,10.0,10.0,7.33,81.92,0.12,Green,0,3,0.0
813,Brazil,950.0,2012,Mundo Novo,Semi-washed / Semi-pulped,7.58,7.5,7.17,7.5,7.5,7.42,10.0,10.0,10.0,7.33,82.0,0.12,Green,0,2,0.0
731,Brazil,1100.0,2012,Mundo Novo,Natural / Dry,7.58,7.5,7.42,7.5,7.5,7.42,10.0,10.0,10.0,7.42,82.33,0.12,Green,0,2,0.0
351,Brazil,1100.0,2012,Catuai,Semi-washed / Semi-pulped,7.83,7.75,7.5,7.75,7.5,7.58,10.0,10.0,10.0,7.67,83.58,0.12,Blue-Green,0,2,0.0
810,Brazil,1000.0,2012,Mundo Novo,Natural / Dry,7.42,7.5,7.33,7.5,7.33,7.5,10.0,10.0,10.0,7.42,82.0,0.12,Green,0,1,0.0
473,Brazil,950.0,2012,Mundo Novo,Natural / Dry,7.92,7.58,7.5,7.58,7.42,7.5,10.0,10.0,10.0,7.67,83.17,0.11,Green,0,4,0.0
435,Brazil,1200.0,2012,Yellow Bourbon,Semi-washed / Semi-pulped,7.75,7.67,7.5,7.58,7.58,7.58,10.0,10.0,10.0,7.58,83.25,0.11,Blue-Green,0,1,0.0
653,Brazil,975.0,2011,Mundo Novo,No informado,7.58,7.5,7.33,7.75,7.5,7.5,10.0,10.0,10.0,7.42,82.58,0.0,No informado,0,4,0.0
113,Brazil,1200.0,2011,Bourbon,Natural / Dry,8.0,7.92,7.75,7.75,8.0,7.75,10.0,10.0,10.0,7.75,84.92,0.11,Green,0,2,0.0
475,Brazil,1000.0,2011,Mundo Novo,Semi-washed / Semi-pulped,7.75,7.5,7.58,7.5,7.75,7.5,10.0,10.0,10.0,7.58,83.17,0.12,Blue-Green,0,3,0.0
903,Brazil,1260.0,2013/2014,Yellow Bourbon,Washed / Wet,7.42,7.42,7.33,7.33,7.5,7.25,10.0,10.0,10.0,7.33,81.58,0.12,Blue-Green,0,3,0.0
170,Brazil,,mmm,No informado,No informado,7.81,7.81,7.88,7.75,7.38,8.25,9.5,10.0,10.0,8.13,84.5,0.0,No informado,0,4,0.0
171,Brazil,,TEST,No informado,No informado,8.17,7.67,7.75,7.75,7.67,7.75,10.0,10.0,10.0,7.75,84.5,0.0,No informado,2,0,0.0
292,Brazil,1250.0,2011/2012,Yellow Bourbon,Semi-washed / Semi-pulped,7.83,7.83,7.58,7.67,7.5,7.58,10.0,10.0,10.0,7.83,83.83,0.12,Green,0,3,0.0
671,Brazil,1250.0,2012,Bourbon,Semi-washed / Semi-pulped,7.67,7.42,7.33,7.67,7.5,7.5,10.0,10.0,10.0,7.42,82.5,0.0,Blue-Green,0,4,0.0
931,Brazil,,2012,Bourbon,Semi-washed / Semi-pulped,7.5,7.42,7.17,7.42,7.5,7.33,10.0,10.0,10.0,7.17,81.5,0.12,Blue-Green,0,2,0.0
982,Brazil,,2013,Catuai,Natural / Dry,7.42,7.42,7.17,7.42,7.33,7.25,10.0,10.0,10.0,7.17,81.17,0.11,Green,0,3,0.0
6,Brazil,,2013,No informado,Natural / Dry,8.58,8.42,8.42,8.5,8.25,8.33,10.0,10.0,10.0,8.33,88.83,0.11,Bluish-Green,0,1,0.0
25,Ethiopia,,2013,No informado,Natural / Dry,8.42,8.17,7.92,8.17,8.33,8.0,10.0,10.0,10.0,8.08,87.08,0.11,Bluish-Green,0,1,0.0
987,Ethiopia,,2016,No informado,Natural / Dry,7.42,7.33,7.17,7.33,7.42,7.17,10.0,10.0,10.0,7.25,81.08,0.11,No informado,0,1,0.0
799,Laos,1250.0,2015,Other,Washed / Wet,7.42,7.5,7.25,7.33,7.5,7.5,10.0,10.0,10.0,7.5,82.0,0.12,Blue-Green,0,0,0.0
7,Peru,,2012,Other,Washed / Wet,8.42,8.5,8.33,8.5,8.25,8.25,10.0,10.0,10.0,8.5,88.75,0.11,Bluish-Green,0,0,0.0
138,Kenya,2000.0,2012,SL28,Washed / Wet,7.75,7.92,7.83,8.0,7.58,7.75,10.0,10.0,10.0,7.83,84.67,0.11,Bluish-Green,0,0,0.0
166,Kenya,2000.0,2012,SL28,Washed / Wet,7.92,7.83,7.67,8.0,7.67,7.75,10.0,10.0,10.0,7.67,84.5,0.11,Blue-Green,0,0,0.0
32,"Tanzania, United Republic Of",,2012,No informado,Natural / Dry,8.42,8.17,8.17,8.0,7.58,8.0,10.0,10.0,10.0,8.17,86.5,0.11,Bluish-Green,0,1,0.0
121,Thailand,,2015,Caturra,Pulped natural / honey,7.75,7.75,7.75,7.75,8.0,7.75,10.0,10.0,10.0,8.0,84.75,0.12,Green,0,0,0.0
622,Thailand,1500.0,2013,Caturra,Washed / Wet,7.42,7.5,7.5,7.67,7.58,7.5,10.0,10.0,10.0,7.5,82.67,0.11,Bluish-Green,0,0,0.0
382,Thailand,1200.0,2015,Catimor,Washed / Wet,7.5,7.58,7.75,7.5,7.75,7.67,10.0,10.0,10.0,7.67,83.42,0.13,Bluish-Green,0,0,0.0
641,Thailand,1450.0,2014,Caturra,Washed / Wet,7.42,7.58,7.58,7.42,7.58,7.5,10.0,10.0,10.0,7.5,82.58,0.12,Blue-Green,0,1,0.0
659,Thailand,1450.0,2014,Caturra,Washed / Wet,7.33,7.5,7.5,7.5,7.67,7.5,10.0,10.0,10.0,7.5,82.5,0.11,No informado,0,0,0.0
977,Thailand,1450.0,2014,Caturra,Washed / Wet,6.83,7.42,7.42,7.17,7.5,7.42,10.0,10.0,10.0,7.42,81.17,0.12,Blue-Green,0,0,0.0
193,Thailand,1200.0,2015,Catimor,Natural / Dry,7.83,7.75,7.75,7.42,7.83,7.67,10.0,10.0,10.0,8.0,84.25,0.12,Green,0,0,0.0
128,Japan,170.0,No informado,Mundo Novo,Pulped natural / honey,7.75,7.75,7.75,7.42,8.08,7.83,10.0,10.0,10.0,8.08,84.67,0.12,Green,0,0,0.0
500,Uganda,1473.0,2015,Bourbon,Washed / Wet,7.67,7.58,7.42,7.42,7.83,7.5,10.0,10.0,10.0,7.58,83.0,0.12,Green,0,6,0.0
501,Uganda,1645.0,2015,Bourbon,Natural / Dry,7.67,7.67,7.5,7.58,7.42,7.5,10.0,10.0,10.0,7.67,83.0,0.12,Green,0,8,5.0
509,Uganda,1800.0,2013,SL14,Washed / Wet,7.83,7.58,7.5,7.5,7.58,7.5,10.0,10.0,10.0,7.5,83.0,0.12,Green,0,0,0.0
1009,Uganda,1700.0,2013,SL14,Natural / Dry,7.33,6.92,7.17,7.33,7.42,7.42,10.0,10.0,10.0,7.42,81.0,0.12,Green,0,3,0.0
69,Uganda,1600.0,2013,SL14,Washed / Wet,8.33,7.92,7.67,7.92,7.67,7.92,10.0,10.0,10.0,8.08,85.5,0.12,Green,0,1,0.0
160,Uganda,1750.0,2016,SL14,Washed / Wet,7.92,7.75,7.67,7.75,7.83,7.75,10.0,10.0,10.0,7.83,84.5,0.11,Green,0,1,0.0
620,Uganda,1650.0,2013,SL14,Washed / Wet,7.67,7.5,7.33,7.67,7.5,7.5,10.0,10.0,10.0,7.5,82.67,0.12,Green,0,0,0.0
117,Uganda,1650.0,2013,SL14,Natural / Dry,7.75,7.92,7.67,7.67,8.25,7.75,10.0,10.0,10.0,7.83,84.83,0.12,Green,0,1,0.0
643,Uganda,1650.0,2013,SL14,Natural / Dry,7.83,7.5,7.42,7.58,7.42,7.42,10.0,10.0,10.0,7.42,82.58,0.12,Green,0,0,0.0
421,Uganda,,2015,SL14,Washed / Wet,7.5,7.67,7.67,7.42,7.67,7.67,10.0,10.0,10.0,7.67,83.25,0.12,Green,0,1,0.0
54,Uganda,1650.0,2013,SL14,Natural / Dry,8.17,8.17,7.92,8.08,7.83,7.75,10.0,10.0,10.0,8.0,85.92,0.12,Green,0,0,0.0
545,Uganda,1650.0,2013,SL14,Washed / Wet,8.0,7.5,7.5,7.58,7.33,7.42,10.0,10.0,10.0,7.58,82.92,0.12,Green,0,0,0.0
457,Uganda,1800.0,2014,SL14,Washed / Wet,8.0,7.67,7.5,7.42,7.33,7.58,10.0,10.0,10.0,7.67,83.17,0.1,Bluish-Green,0,0,0.0
28,Uganda,1950.0,2013,SL14,Washed / Wet,8.42,8.17,8.17,8.17,7.83,7.92,10.0,10.0,10.0,8.17,86.83,0.12,Green,0,1,0.0
242,Ethiopia,1800.0,2017,Gesha,Natural / Dry,7.83,7.75,7.67,7.75,7.33,7.75,10.0,10.0,10.0,7.92,84.0,0.11,Green,3,1,11.0
97,Uganda,1800.0,2016,SL14,Washed / Wet,8.17,7.92,7.75,7.75,7.67,7.75,10.0,10.0,10.0,8.0,85.0,0.11,Green,0,1,0.0
381,Uganda,1800.0,2015,SL14,Washed / Wet,7.58,7.75,7.33,7.75,7.67,7.58,10.0,10.0,10.0,7.75,83.42,0.11,Green,0,1,0.0
72,Uganda,1950.0,2013,SL14,Washed / Wet,8.08,8.0,7.83,7.67,8.0,7.83,10.0,10.0,10.0,8.0,85.42,0.12,Green,0,5,0.0
47,Uganda,,2014,No informado,Semi-washed / Semi-pulped,8.08,8.08,7.83,7.92,8.08,7.92,10.0,10.0,10.0,8.08,86.0,0.0,No informado,0,0,0.0
546,Uganda,1400.0,2013,SL14,Washed / Wet,7.75,7.58,7.58,7.5,7.5,7.5,10.0,10.0,10.0,7.5,82.92,0.12,Green,0,4,0.0
343,Uganda,1800.0,2013,SL14,Washed / Wet,7.67,7.67,7.42,7.75,7.75,7.67,10.0,10.0,10.0,7.67,83.58,0.12,Green,0,5,0.0
303,Uganda,1400.0,2013,Bourbon,Natural / Dry,8.0,7.92,7.58,7.75,7.33,7.5,10.0,10.0,10.0,7.67,83.75,0.12,Green,0,0,0.0
741,Malawi,1180.0,2014,Gesha,Washed / Wet,7.58,7.42,7.33,7.42,7.58,7.5,10.0,10.0,10.0,7.42,82.25,0.13,Blue-Green,0,0,0.0
231,Uganda,1600.0,2012,Other,Washed / Wet,7.83,7.75,7.5,7.83,7.83,7.75,10.0,10.0,10.0,7.67,84.17,0.11,Green,0,1,0.0
847,Malawi,1556.0,2014,Gesha,Washed / Wet,7.58,7.42,7.33,7.33,7.33,7.42,10.0,10.0,10.0,7.42,81.83,0.13,Green,0,0,0.0
594,Malawi,1442.0,2014,Gesha,Washed / Wet,7.75,7.58,7.42,7.5,7.33,7.5,10.0,10.0,10.0,7.67,82.75,0.12,Bluish-Green,0,0,0.0
1054,Malawi,995.0,2014,Caturra,Washed / Wet,7.5,7.25,7.17,7.17,7.25,7.17,10.0,10.0,10.0,7.17,80.67,0.12,Bluish-Green,0,1,0.0
940,Malawi,1422.0,2014,Gesha,Washed / Wet,7.58,7.17,7.33,7.42,7.08,7.42,10.0,10.0,10.0,7.42,81.42,0.12,Bluish-Green,0,0,0.0
901,Malawi,1100.0,2014,Gesha,Washed / Wet,7.42,7.42,7.17,7.58,7.33,7.33,10.0,10.0,10.0,7.33,81.58,0.13,Green,0,0,0.0
801,Malawi,2500.0,2014,Gesha,Washed / Wet,7.5,7.42,7.33,7.58,7.33,7.5,10.0,10.0,10.0,7.33,82.0,0.13,Bluish-Green,0,1,0.0
50,Uganda,1650.0,2012,Other,Washed / Wet,8.25,8.0,7.83,8.08,8.0,7.92,10.0,10.0,10.0,7.92,86.0,0.1,Blue-Green,0,0,0.0
980,Malawi,995.0,2014,Caturra,Washed / Wet,7.58,7.25,7.33,7.08,7.33,7.33,10.0,10.0,10.0,7.25,81.17,0.12,Green,0,12,0.0
210,Uganda,1700.0,2012,Other,Natural / Dry,8.17,7.75,7.58,7.67,7.83,7.58,10.0,10.0,10.0,7.67,84.25,0.13,Green,4,29,0.0
716,Malawi,1450.0,2014,Gesha,Washed / Wet,7.33,7.58,7.42,7.58,7.33,7.5,10.0,10.0,10.0,7.58,82.33,0.12,Green,0,0,0.0
958,Malawi,1200.0,2014,Gesha,Washed / Wet,7.75,7.33,7.08,7.33,7.33,7.25,10.0,10.0,10.0,7.25,81.33,0.13,Green,0,1,0.0
142,Uganda,1775.0,2012,Other,Washed / Wet,7.92,7.83,7.75,7.92,7.67,7.75,10.0,10.0,10.0,7.83,84.67,0.11,Blue-Green,0,3,0.0
918,Malawi,1599.0,2014,Gesha,Washed / Wet,7.67,7.42,6.92,7.5,7.5,7.17,10.0,10.0,10.0,7.33,81.5,0.12,Green,0,0,0.0
257,Uganda,1700.0,2012,Other,Washed / Wet,7.92,7.75,7.58,7.67,7.67,7.83,10.0,10.0,10.0,7.58,84.0,0.1,Green,10,26,0.0
403,"Tanzania, United Republic Of",1700.0,2014,Other,Semi-washed / Semi-pulped,7.75,7.58,7.67,7.58,7.58,7.58,10.0,10.0,10.0,7.58,83.33,0.12,Green,0,6,0.0
798,"Tanzania, United Republic Of",1650.0,2015,Other,Washed / Wet,7.67,7.33,7.33,7.42,7.42,7.42,10.0,10.0,10.0,7.42,82.0,0.13,Green,0,20,0.0
800,"Tanzania, United Republic Of",1350.0,2014,Other,Washed / Wet,7.42,7.42,7.33,7.58,7.33,7.42,10.0,10.0,10.0,7.5,82.0,0.12,Green,0,3,0.0
1020,"Tanzania, United Republic Of",1700.0,2014,Other,Washed / Wet,7.33,7.17,7.17,7.25,7.42,7.33,10.0,10.0,10.0,7.25,80.92,0.12,Green,0,0,0.0
1089,"Tanzania, United Republic Of",,2014,Other,Washed / Wet,7.25,7.17,7.25,7.25,7.25,7.08,10.0,10.0,10.0,7.08,80.33,0.12,Bluish-Green,0,5,0.0
822,"Tanzania, United Republic Of",1877.0,2014,Other,Washed / Wet,7.33,7.33,7.33,7.42,7.5,7.58,10.0,10.0,10.0,7.42,81.92,0.12,Green,0,4,0.0
879,"Tanzania, United Republic Of",1500.0,2014,Other,Washed / Wet,7.42,7.33,7.25,7.42,7.5,7.42,10.0,10.0,10.0,7.33,81.67,0.12,Green,0,0,0.0
358,"Tanzania, United Republic Of",1400.0,2015,Ruiru 11,Washed / Wet,7.75,7.67,7.58,7.67,7.67,7.58,10.0,10.0,10.0,7.58,83.5,0.13,Green,0,21,0.0
973,"Tanzania, United Republic Of",1050.0,2015/2016,Bourbon,Washed / Wet,7.67,7.17,7.17,7.33,7.5,7.17,10.0,10.0,10.0,7.17,81.17,0.12,Green,0,2,0.0
900,"Tanzania, United Republic Of",1800.0,2014,Other,Washed / Wet,7.42,7.42,7.33,7.42,7.42,7.33,10.0,10.0,10.0,7.25,81.58,0.12,Green,0,5,0.0
1008,"Tanzania, United Republic Of",1525.0,2014,Other,Washed / Wet,7.33,7.33,7.08,7.42,7.17,7.33,10.0,10.0,10.0,7.33,81.0,0.12,Green,0,5,0.0
386,"Tanzania, United Republic Of",1600.0,2014,Bourbon,Washed / Wet,7.75,7.67,7.58,7.67,7.58,7.58,10.0,10.0,10.0,7.58,83.42,0.13,Green,0,4,0.0
660,"Tanzania, United Republic Of",1600.0,2014,Other,Washed / Wet,7.67,7.42,7.33,7.58,7.5,7.5,10.0,10.0,10.0,7.5,82.5,0.12,Green,0,1,0.0
1088,"Tanzania, United Republic Of",1700.0,2015/2016,Bourbon,Washed / Wet,7.25,7.17,7.0,7.25,7.42,7.08,10.0,10.0,10.0,7.17,80.33,0.13,Green,0,5,0.0
760,"Tanzania, United Republic Of",1650.0,2015,Bourbon,Washed / Wet,7.58,7.42,7.42,7.33,7.5,7.42,10.0,10.0,10.0,7.5,82.17,0.13,Green,1,6,0.0
455,"Tanzania, United Republic Of",1653.0,2014,Other,Washed / Wet,7.58,7.67,7.67,7.58,7.42,7.58,10.0,10.0,10.0,7.67,83.17,0.13,Bluish-Green,0,6,0.0
1063,"Tanzania, United Republic Of",1400.0,2014,Other,Washed / Wet,7.25,7.08,7.08,7.33,7.33,7.25,10.0,10.0,10.0,7.25,80.58,0.12,Bluish-Green,0,1,0.0
616,"Tanzania, United Republic Of",1700.0,2014,Other,Washed / Wet,7.5,7.5,7.5,7.5,7.5,7.58,10.0,10.0,10.0,7.58,82.67,0.12,Green,0,0,0.0
222,"Tanzania, United Republic Of",1400.0,2014,Other,Washed / Wet,7.92,7.75,7.75,7.75,7.75,7.58,10.0,10.0,10.0,7.67,84.17,0.13,Green,0,0,0.0
110,"Tanzania, United Republic Of",1620.0,2014,Other,Washed / Wet,8.0,7.83,7.83,7.92,7.75,7.75,10.0,10.0,10.0,7.83,84.92,0.12,Green,0,2,0.0
203,"Tanzania, United Republic Of",1600.0,2014,Other,Washed / Wet,7.83,7.75,7.75,7.75,7.67,7.75,10.0,10.0,10.0,7.75,84.25,0.12,Green,0,2,0.0
991,"Tanzania, United Republic Of",1456.0,2014,Other,Washed / Wet,7.42,7.33,7.33,7.25,7.25,7.33,10.0,10.0,10.0,7.17,81.08,0.13,Green,0,2,0.0
979,"Tanzania, United Republic Of",1550.0,2014,Bourbon,Washed / Wet,7.58,7.17,7.17,7.33,7.33,7.25,10.0,10.0,10.0,7.33,81.17,0.12,Bluish-Green,0,2,0.0
617,"Tanzania, United Republic Of",1550.0,2014,Bourbon,Washed / Wet,7.58,7.5,7.5,7.58,7.33,7.58,10.0,10.0,10.0,7.58,82.67,0.12,Green,0,4,0.0
968,"Tanzania, United Republic Of",1700.0,2014,Other,Washed / Wet,7.33,7.17,7.17,7.5,7.25,7.42,10.0,10.0,10.0,7.42,81.25,0.13,Green,0,5,0.0
683,"Tanzania, United Republic Of",2285.0,2015/2016,Ruiru 11,Washed / Wet,7.67,7.25,7.42,7.42,7.67,7.42,10.0,10.0,10.0,7.58,82.42,0.13,Green,0,7,0.0
642,"Tanzania, United Republic Of",1317.0,2014,Other,Washed / Wet,7.75,7.42,7.33,7.5,7.58,7.5,10.0,10.0,10.0,7.5,82.58,0.12,No informado,0,1,0.0
767,"Tanzania, United Republic Of",1700.0,2014,Other,Washed / Wet,7.75,7.42,7.42,7.58,7.33,7.42,10.0,10.0,10.0,7.25,82.17,0.12,Green,0,1,0.0
202,"Tanzania, United Republic Of",1620.0,2014,Other,Washed / Wet,7.83,7.67,7.75,7.83,7.67,7.67,10.0,10.0,10.0,7.83,84.25,0.12,Green,0,7,0.0
880,"Tanzania, United Republic Of",1700.0,2013,Other,Washed / Wet,7.33,7.33,7.5,7.25,7.42,7.33,10.0,10.0,10.0,7.5,81.67,0.12,Green,0,7,0.0
784,"Tanzania, United Republic Of",1600.0,2014,Other,Washed / Wet,7.42,7.5,7.5,7.33,7.33,7.5,10.0,10.0,10.0,7.5,82.08,0.12,Green,0,3,0.0
862,"Tanzania, United Republic Of",1600.0,2014,Other,Washed / Wet,7.42,7.42,7.42,7.42,7.33,7.33,10.0,10.0,10.0,7.42,81.75,0.12,Bluish-Green,0,4,0.0
661,"Tanzania, United Republic Of",,2014,Other,Washed / Wet,7.75,7.0,7.42,7.58,7.58,7.58,10.0,10.0,10.0,7.58,82.5,0.12,Bluish-Green,0,3,0.0
612,Mexico,1300.0,2016,No informado,No informado,7.5,7.67,7.42,7.75,7.42,7.17,10.0,10.0,10.0,7.75,82.67,0.11,Green,0,3,2.0
260,Mexico,1300.0,2017,Mundo Novo,Washed / Wet,7.83,7.83,7.58,7.92,7.42,7.5,10.0,10.0,10.0,7.83,83.92,0.11,Green,0,5,0.0
935,Mexico,1100.0,2017,Mundo Novo,Washed / Wet,7.58,7.33,7.08,7.33,7.5,7.33,10.0,10.0,10.0,7.25,81.42,0.12,Green,1,17,5.0
1017,Mexico,1100.0,2017,Bourbon,Washed / Wet,7.5,7.33,7.17,7.42,7.5,7.33,9.33,10.0,10.0,7.33,80.92,0.11,Green,0,11,0.0
953,Mexico,1130.0,2016,No informado,No informado,7.67,7.42,7.0,7.42,7.58,7.08,10.0,10.0,10.0,7.17,81.33,0.12,Green,0,0,2.0
100,Mexico,1300.0,2015,Typica,Washed / Wet,7.83,8.0,7.83,7.75,7.67,7.83,10.0,10.0,10.0,8.08,85.0,0.09,Green,0,3,0.0
417,Mexico,1600.0,2017,Typica,Washed / Wet,7.67,7.83,7.42,7.83,7.33,7.5,10.0,10.0,10.0,7.67,83.25,0.11,Blue-Green,0,0,0.0
1097,Mexico,1600.0,2016,Caturra,Washed / Wet,7.25,7.17,7.0,7.33,7.33,7.0,10.0,10.0,10.0,7.17,80.25,0.1,Green,0,2,0.0
36,Kenya,1800.0,2013,SL34,Washed / Wet,8.08,8.0,8.0,8.25,7.92,7.92,10.0,10.0,10.0,8.08,86.25,0.12,Blue-Green,0,1,0.0
148,Kenya,1800.0,2013,Peaberry,Washed / Wet,7.83,7.83,7.83,7.75,7.58,7.83,10.0,10.0,10.0,7.92,84.58,0.1,Bluish-Green,0,2,0.0
560,Kenya,1754.0,2017,SL28,Washed / Wet,7.75,7.58,7.42,7.58,7.5,7.5,10.0,10.0,10.0,7.5,82.83,0.1,Green,0,3,0.0
145,Kenya,1754.0,No informado,SL34,Washed / Wet,7.92,7.75,7.83,7.75,7.58,7.92,10.0,10.0,10.0,7.83,84.58,0.11,Blue-Green,0,5,0.0
45,Kenya,1754.0,2014,SL28,Natural / Dry,8.08,8.08,8.0,8.0,7.83,8.08,10.0,10.0,10.0,8.0,86.08,0.11,Bluish-Green,0,2,0.0
1016,Kenya,1600.0,2017,SL28,Washed / Wet,7.17,7.58,7.5,7.5,8.0,7.75,10.0,10.0,10.0,5.42,80.92,0.11,Green,0,3,0.0
122,Kenya,1800.0,2014,SL34,Washed / Wet,7.92,7.83,7.58,7.92,7.75,7.83,10.0,10.0,10.0,7.92,84.75,0.13,Green,0,0,0.0
180,Kenya,1800.0,2017 / 2018,SL28,Washed / Wet,7.33,7.58,7.83,7.75,7.75,7.92,10.0,10.0,10.0,8.17,84.33,0.11,Green,0,4,0.0
1087,Burundi,1700.0,2016,No informado,No informado,7.08,7.25,7.17,7.33,7.08,7.08,10.0,10.0,10.0,7.33,80.33,0.12,Green,0,0,0.0
101,Kenya,,2015,No informado,Washed / Wet,8.17,7.83,7.92,7.75,7.67,7.83,10.0,10.0,10.0,7.83,85.0,0.11,Green,0,7,5.0
1072,Mauritius,280.0,2016,No informado,No informado,7.25,7.25,7.17,7.17,7.25,7.17,10.0,10.0,10.0,7.25,80.5,0.12,Green,0,0,0.0
316,Kenya,1700.0,2017,SL28,Washed / Wet,8.08,7.67,7.67,7.58,7.25,7.67,10.0,10.0,10.0,7.75,83.67,0.11,Bluish-Green,0,0,0.0
296,Kenya,1800.0,No informado,SL28,Washed / Wet,7.75,7.58,7.5,7.58,7.75,7.75,10.0,10.0,10.0,7.83,83.75,0.11,Green,0,2,0.0
1140,Kenya,1500.0,2017,SL34,Washed / Wet,7.0,7.08,7.0,7.17,7.25,7.25,10.0,10.0,10.0,7.08,79.83,0.11,No informado,0,5,1.0
225,Kenya,1500.0,2013,SL28,Washed / Wet,7.58,7.75,7.75,7.75,7.75,7.83,10.0,10.0,10.0,7.75,84.17,0.08,Green,0,0,0.0
81,Kenya,1200.0,2012,SL34,Washed / Wet,8.0,7.92,7.92,8.08,7.83,7.75,10.0,10.0,10.0,7.83,85.33,0.0,Green,0,6,0.0
254,Kenya,1200.0,2012,SL34,Washed / Wet,7.67,7.83,7.5,7.75,7.92,7.67,10.0,10.0,10.0,7.67,84.0,0.0,Green,0,2,0.0
153,Kenya,,2013,SL28,Washed / Wet,7.75,7.75,7.75,8.08,7.75,7.75,10.0,10.0,10.0,7.75,84.58,0.0,Green,0,0,0.0
453,Kenya,1500.0,2014,SL28,Washed / Wet,7.83,7.75,7.67,7.75,7.83,8.5,9.33,9.33,9.33,7.83,83.17,0.1,Bluish-Green,0,1,0.0
256,Kenya,1650.0,2012,SL28,Washed / Wet,7.67,7.75,7.67,7.75,7.83,7.67,10.0,10.0,10.0,7.67,84.0,0.0,Bluish-Green,0,0,0.0
80,Kenya,1600.0,2012,SL34,Washed / Wet,7.83,8.08,7.75,8.08,7.92,7.75,10.0,10.0,10.0,7.92,85.33,0.0,Green,0,2,0.0
102,Kenya,1580.0,2012,SL34,Washed / Wet,7.75,7.83,7.75,8.08,8.0,7.75,10.0,10.0,10.0,7.83,85.0,0.0,Green,0,5,0.0
20,Ethiopia,1850.0,2014,Ethiopian Yirgacheffe,Natural / Dry,8.17,8.17,8.0,8.17,8.08,8.33,10.0,10.0,10.0,8.33,87.25,0.0,No informado,0,8,0.0
342,Ethiopia,1850.0,2014,Other,Washed / Wet,7.75,7.67,7.58,7.67,7.5,7.67,10.0,10.0,10.0,7.75,83.58,0.0,No informado,0,7,0.0
1043,Panama,1680.0,2014,Caturra,Other,7.25,7.33,7.17,7.33,7.33,7.17,10.0,10.0,10.0,7.17,80.75,0.11,Green,1,4,0.0
132,Ethiopia,1900.0,2014,Ethiopian Yirgacheffe,Washed / Wet,8.08,7.83,7.75,7.83,7.58,7.67,10.0,10.0,10.0,7.92,84.67,0.1,No informado,0,3,0.0
66,Panama,1680.0,2014,Caturra,Natural / Dry,8.0,7.75,7.83,7.83,7.67,8.58,10.0,10.0,10.0,7.83,85.5,0.09,No informado,2,2,0.0
765,Guatemala,1500.0,2014,Bourbon,Washed / Wet,7.42,7.42,7.5,7.5,7.42,7.5,10.0,10.0,10.0,7.42,82.17,0.09,Blue-Green,0,4,0.0
568,Colombia,1600.0,2014,Other,Washed / Wet,7.83,7.67,7.5,7.58,7.5,7.67,10.0,10.0,10.0,7.08,82.83,0.0,No informado,0,1,0.0
133,Costa Rica,1750.0,2014,Other,Other,7.67,7.58,7.75,7.75,7.67,8.58,10.0,10.0,10.0,7.67,84.67,0.08,Green,0,1,0.0
77,Guatemala,1770.0,2014,Pacamara,Natural / Dry,7.83,7.75,7.83,7.67,7.83,8.58,10.0,10.0,10.0,7.83,85.33,0.11,Green,0,1,0.0
846,Indonesia,1300.0,2014,Typica,Other,7.42,7.42,7.42,7.33,7.42,7.42,10.0,10.0,10.0,7.42,81.83,0.11,No informado,2,6,0.0
67,Kenya,1900.0,2014,SL28,Natural / Dry,7.92,7.92,7.83,8.08,7.83,7.92,10.0,10.0,10.0,8.0,85.5,0.1,Green,0,3,0.0
967,Guatemala,1700.0,2014,Pacamara,Washed / Wet,7.33,7.42,7.17,7.25,7.42,7.33,10.0,10.0,10.0,7.33,81.25,0.09,Bluish-Green,0,2,0.0
1010,Taiwan,1100.0,2013/2014,Typica,Semi-washed / Semi-pulped,7.5,6.92,7.33,7.33,7.33,7.33,10.0,10.0,10.0,7.25,81.0,0.11,Green,0,0,0.0
1022,Taiwan,550.0,2014,Typica,Washed / Wet,7.92,7.67,7.33,7.08,7.08,7.08,10.0,10.0,10.0,6.75,80.92,0.09,Green,0,0,0.0
637,Taiwan,200.0,2016 / 2017,No informado,No informado,7.25,7.25,7.0,7.08,7.0,7.0,10.0,10.0,10.0,10.0,82.58,0.11,Blue-Green,0,0,0.0
621,Taiwan,1240.0,2013/2014,Typica,Washed / Wet,7.67,7.5,7.5,7.5,7.5,7.5,10.0,10.0,10.0,7.5,82.67,0.11,Green,0,0,0.0
266,Taiwan,,2014,No informado,Natural / Dry,7.75,7.75,7.58,7.75,7.75,7.67,10.0,10.0,10.0,7.67,83.92,0.0,Blue-Green,0,0,0.0
1118,Taiwan,200.0,2013/2014,Typica,Other,7.25,7.25,7.25,7.25,7.08,7.0,10.0,10.0,10.0,7.0,80.08,0.11,Green,0,0,0.0
1028,Taiwan,300.0,2013/2014,Typica,Washed / Wet,7.42,7.25,7.25,7.25,7.25,7.25,10.0,10.0,10.0,7.25,80.92,0.11,Green,0,0,0.0
1103,Taiwan,700.0,2013/2014,Typica,Semi-washed / Semi-pulped,7.25,7.08,7.25,7.25,7.17,7.25,10.0,10.0,10.0,7.0,80.25,0.11,Green,0,0,0.0
1126,Taiwan,250.0,2013/2014,Typica,Washed / Wet,7.25,7.25,7.25,7.0,7.25,7.0,10.0,10.0,10.0,7.0,80.0,0.11,Green,0,0,0.0
721,Taiwan,200.0,2013/2014,Typica,Semi-washed / Semi-pulped,7.5,7.5,7.5,7.5,7.5,7.5,10.0,10.0,10.0,7.33,82.33,0.11,Green,0,0,0.0
886,Taiwan,150.0,2013/2014,Typica,Semi-washed / Semi-pulped,7.5,7.5,7.5,7.25,7.42,7.25,10.0,10.0,10.0,7.25,81.67,0.11,Green,0,0,0.0
136,Taiwan,1000.0,2013/2014,Typica,Washed / Wet,8.0,7.92,7.75,7.75,7.75,7.75,10.0,10.0,10.0,7.75,84.67,0.11,Green,0,0,0.0
1026,Taiwan,900.0,2013/2014,Typica,Washed / Wet,7.42,7.25,7.25,7.25,7.25,7.25,10.0,10.0,10.0,7.25,80.92,0.11,No informado,0,0,0.0
1120,Taiwan,250.0,2013/2014,Typica,Semi-washed / Semi-pulped,7.25,7.25,7.25,7.08,7.17,7.08,10.0,10.0,10.0,7.0,80.08,0.11,Green,0,0,0.0
736,Taiwan,,2016/2017,No informado,No informado,7.0,7.08,7.0,7.17,7.0,7.0,10.0,10.0,10.0,10.0,82.25,0.1,Blue-Green,0,0,0.0
1014,Taiwan,200.0,2017,Other,Washed / Wet,7.33,7.17,7.25,7.33,7.33,7.25,10.0,10.0,10.0,7.25,80.92,0.0,Blue-Green,0,0,0.0
887,Taiwan,750.0,2013/2014,Typica,Washed / Wet,7.58,7.42,7.33,7.42,7.33,7.33,10.0,10.0,10.0,7.25,81.67,0.11,Green,0,0,0.0
826,Taiwan,1000.0,2012,Typica,Other,7.5,7.5,7.42,7.25,7.5,7.5,10.0,10.0,10.0,7.25,81.92,0.11,Green,0,0,0.0
939,Taiwan,110.0,2014,Typica,Washed / Wet,7.83,7.75,7.42,7.17,7.08,7.08,10.0,10.0,10.0,7.08,81.42,0.12,Green,0,0,0.0
279,Taiwan,1200.0,2016,No informado,No informado,7.75,7.67,7.5,7.75,7.75,7.67,10.0,10.0,10.0,7.75,83.83,0.0,No informado,0,0,0.0
915,Taiwan,180.0,2015,Typica,Natural / Dry,7.5,7.42,7.33,7.08,7.58,7.25,10.0,10.0,10.0,7.33,81.5,0.12,Green,0,2,0.0
1069,Taiwan,,2017,Other,Natural / Dry,7.17,7.17,7.17,7.42,7.17,7.25,10.0,10.0,10.0,7.17,80.5,0.0,Blue-Green,0,0,0.0
1119,Taiwan,150.0,2013/2014,Typica,Washed / Wet,7.25,7.25,7.25,7.0,7.25,7.08,10.0,10.0,10.0,7.0,80.08,0.11,Green,0,0,0.0
347,Taiwan,1000.0,2013/2014,Typica,Other,7.75,7.75,7.75,7.75,7.5,7.58,10.0,10.0,10.0,7.5,83.58,0.11,Green,0,0,0.0
1031,Laos,1300.0,2016,Catimor,Washed / Wet,7.42,7.33,7.17,7.17,7.17,7.25,10.0,10.0,10.0,7.33,80.83,0.0,Green,0,0,0.0
426,Taiwan,800.0,2014,Typica,Washed / Wet,7.92,7.83,7.75,7.58,7.5,7.33,10.0,10.0,10.0,7.33,83.25,0.1,Green,0,0,0.0
618,Taiwan,1200.0,2014,Typica,Washed / Wet,8.0,7.83,7.83,7.42,7.25,7.25,10.0,10.0,10.0,7.08,82.67,0.08,Green,0,0,0.0
1081,Taiwan,600.0,2014,Typica,Washed / Wet,7.58,7.17,7.17,7.17,7.17,7.17,10.0,10.0,10.0,7.0,80.42,0.14,Green,0,0,0.0
969,Taiwan,650.0,2013/2014,Typica,Semi-washed / Semi-pulped,7.5,7.5,7.25,7.25,7.25,7.25,10.0,10.0,10.0,7.25,81.25,0.11,Green,0,0,0.0
923,Taiwan,600.0,2013/2014,Typica,Other,7.5,7.42,7.25,7.25,7.33,7.33,10.0,10.0,10.0,7.42,81.5,0.11,Green,0,0,0.0
1116,Taiwan,850.0,2014,Typica,Washed / Wet,7.42,7.25,7.25,7.17,7.0,7.0,10.0,10.0,10.0,7.0,80.08,0.07,Green,0,0,0.0
1027,Taiwan,688.0,2013/2014,Typica,Other,7.25,7.17,7.08,7.08,7.08,8.08,10.0,10.0,10.0,7.17,80.92,0.11,Green,0,0,0.0
353,Taiwan,,2016 / 2017,No informado,No informado,7.58,7.58,7.17,7.17,7.0,7.0,10.0,10.0,10.0,10.0,83.5,0.11,Blue-Green,0,0,0.0
380,Taiwan,,2015,No informado,No informado,7.67,7.67,7.0,7.08,7.0,7.0,10.0,10.0,10.0,10.0,83.42,0.11,Blue-Green,0,0,0.0
1090,Taiwan,600.0,2013/2014,Yellow Bourbon,Other,7.25,7.25,7.08,7.25,7.25,7.25,10.0,10.0,10.0,7.0,80.33,0.11,Green,0,0,0.0
770,Taiwan,1200.0,2013/2014,Typica,Other,7.5,7.5,7.5,7.5,7.5,7.5,10.0,10.0,10.0,7.17,82.17,0.11,Green,0,0,0.0
1171,Taiwan,700.0,2014,Typica,Natural / Dry,6.92,7.0,7.17,7.0,7.42,7.0,10.0,10.0,10.0,7.0,79.5,0.0,No informado,0,1,0.0
722,Taiwan,600.0,2013/2014,Typica,Washed / Wet,7.5,7.5,7.5,7.5,7.5,7.5,10.0,10.0,10.0,7.33,82.33,0.11,Green,0,0,0.0
743,Taiwan,650.0,2013/2014,Typica,Washed / Wet,7.5,7.5,7.5,7.5,7.5,7.5,10.0,10.0,10.0,7.25,82.25,0.11,Green,0,0,0.0
488,Taiwan,1300.0,2013/2014,Typica,Other,7.75,7.75,7.5,7.5,7.5,7.5,10.0,10.0,10.0,7.58,83.08,0.11,No informado,0,0,0.0
538,Ethiopia,2000.0,2016,Ethiopian Heirlooms,Washed / Wet,7.58,7.58,7.5,7.5,7.58,7.58,10.0,10.0,10.0,7.58,82.92,0.0,Bluish-Green,1,20,0.0
270,Taiwan,950.0,2014,Typica,Washed / Wet,8.0,7.92,7.92,7.92,7.67,7.33,10.0,10.0,10.0,7.17,83.92,0.06,Green,0,0,0.0
1050,Taiwan,,2016,Typica,Other,7.33,7.08,7.08,7.08,7.42,7.33,10.0,10.0,10.0,7.33,80.67,0.0,Green,0,1,0.0
539,Taiwan,775.0,2014,Typica,Natural / Dry,7.5,7.58,7.67,7.33,7.5,7.75,10.0,10.0,10.0,7.58,82.92,0.0,Green,0,9,0.0
508,Taiwan,1200.0,2014,Typica,Washed / Wet,7.92,7.92,7.83,7.58,7.33,7.25,10.0,10.0,10.0,7.17,83.0,0.08,Green,0,0,0.0
610,Laos,1300.0,2015,Catimor,Washed / Wet,7.67,7.67,7.42,7.42,7.42,7.5,10.0,10.0,10.0,7.58,82.67,0.13,Bluish-Green,0,0,0.0
1230,Mexico,1300.0,2012,Typica,Natural / Dry,7.25,7.25,7.0,7.5,7.33,7.42,8.0,9.33,10.0,7.75,78.33,0.13,Green,31,47,0.0
197,China,1400.0,2015,Catimor,Natural / Dry,7.83,7.83,7.58,7.75,7.75,7.75,10.0,10.0,10.0,7.75,84.25,0.1,Green,0,1,0.0
448,China,1200.0,2015,Catimor,Washed / Wet,7.5,7.67,7.33,7.67,7.67,7.67,10.0,10.0,10.0,7.67,83.17,0.11,Green,0,0,0.0
712,China,1580.0,2015,Catimor,Pulped natural / honey,7.5,7.58,7.42,7.5,7.42,7.42,10.0,10.0,10.0,7.5,82.33,0.12,Green,0,2,6.0
161,China,1680.0,2015,Catimor,Washed / Wet,7.75,7.92,7.67,7.83,7.75,7.67,10.0,10.0,10.0,7.92,84.5,0.1,Green,0,1,0.0
449,China,1600.0,2015,Catimor,Washed / Wet,7.67,7.67,7.5,7.67,7.42,7.58,10.0,10.0,10.0,7.67,83.17,0.1,Green,0,3,0.0
591,China,1100.0,2015,Catimor,Natural / Dry,7.67,7.5,7.33,7.33,7.67,7.67,10.0,10.0,10.0,7.58,82.75,0.1,Green,0,0,0.0
681,China,1600.0,2015,Catimor,Washed / Wet,7.67,7.42,7.42,7.5,7.42,7.42,10.0,10.0,10.0,7.58,82.42,0.1,Green,0,0,0.0
592,China,1500.0,2015,Catimor,Washed / Wet,7.5,7.67,7.42,7.67,7.5,7.5,10.0,10.0,10.0,7.5,82.75,0.11,Green,0,2,0.0
301,China,1650.0,2015,Catimor,Washed / Wet,7.83,7.75,7.67,7.5,7.58,7.67,10.0,10.0,10.0,7.75,83.75,0.1,Green,0,2,1.0
339,China,1100.0,2015,Catimor,Washed / Wet,7.67,7.58,7.58,7.58,7.67,7.75,10.0,10.0,10.0,7.75,83.58,0.1,Green,0,4,1.0
76,China,1700.0,2015,Catimor,Natural / Dry,8.0,8.0,8.0,7.83,7.83,7.75,10.0,10.0,10.0,7.92,85.33,0.1,Green,0,0,0.0
19,China,1450.0,2015,Catimor,Washed / Wet,8.42,8.25,8.08,8.17,7.92,8.0,10.0,10.0,10.0,8.42,87.25,0.1,Green,0,0,0.0
989,Nicaragua,,2015,Other,Washed / Wet,7.33,7.33,7.33,7.42,7.33,7.33,10.0,10.0,10.0,7.0,81.08,0.11,No informado,0,1,0.0
1170,Nicaragua,1050.0,2015,Caturra,Natural / Dry,6.92,6.92,7.0,7.42,7.25,7.0,10.0,10.0,10.0,7.0,79.5,0.12,Green,0,6,0.0
1216,Nicaragua,,2014,No informado,Natural / Dry,6.83,7.08,6.92,6.75,7.25,7.08,10.0,10.0,10.0,6.67,78.58,0.11,Green,1,1,0.0
1107,Nicaragua,1187.5,2015,Caturra,Washed / Wet,7.17,7.08,7.08,7.33,7.25,7.08,10.0,10.0,10.0,7.17,80.17,0.11,No informado,0,2,0.0
1100,Nicaragua,900.0,2015,Caturra,Washed / Wet,7.08,6.92,7.0,7.25,7.5,7.25,10.0,10.0,10.0,7.25,80.25,0.11,Green,0,2,0.0
1142,Nicaragua,1250.0,2014,Caturra,Washed / Wet,6.83,7.17,7.17,6.92,7.5,7.08,10.0,10.0,10.0,7.17,79.83,0.11,Green,0,0,0.0
1041,Nicaragua,1100.0,2015,Other,Washed / Wet,7.25,7.25,7.17,7.25,7.33,7.25,10.0,10.0,10.0,7.25,80.75,0.12,Green,0,5,0.0
965,Nicaragua,1100.0,2015,Catuai,Washed / Wet,7.08,7.5,7.33,7.17,7.42,7.25,10.0,10.0,10.0,7.5,81.25,0.1,Green,0,4,0.0
#114041,Taiwan,150.0,2021 / 2022,unknown,Pulped natural / honey,7.83,7.92,7.83,7.58,7.58,7.67,10.0,10.0,10.0,7.67,84.08,0.108,Greenish,0,2,0.0
#934594,Taiwan,500.0,2021 / 2022,unknown,Washed / Wet,7.5,7.58,7.42,7.42,7.25,7.42,10.0,10.0,10.0,7.42,82.0,0.0819999999999999,Green,0,1,0.0
#105052,Taiwan,460.0,2021 / 2022,unknown,Pulped natural / honey,7.33,7.42,7.42,7.5,7.42,7.5,10.0,10.0,10.0,7.5,82.08,0.081,Greenish,0,3,0.0
#526397,Taiwan,1150.0,2021 / 2022,unknown,Washed / Wet,7.75,7.75,7.58,7.67,7.42,7.5,10.0,10.0,10.0,7.58,83.25,0.096,Green,0,1,0.0
#211361,Taiwan,165.0,2021 / 2022,unknow,Natural / Dry,7.67,7.67,7.42,7.42,7.42,7.5,10.0,10.0,10.0,7.5,82.58,0.098,Green,0,0,0.0
#547819,Taiwan,139.0,2021 / 2022,unknown,Washed / Wet,7.42,7.42,7.58,7.42,7.58,7.5,10.0,10.0,10.0,7.58,82.5,0.084,Green,0,2,0.0
#663913,Taiwan,300.0,2021 / 2022,Typica,Pulped natural / honey,7.25,7.42,7.42,7.5,7.42,7.42,10.0,10.0,10.0,7.42,81.83,0.113,Green,0,0,0.0
#348647,Taiwan,600.0,2021 / 2022,unknown,Washed / Wet,7.5,7.67,7.33,7.5,7.25,7.33,10.0,10.0,10.0,7.5,82.08,0.0969999999999999,Bluish-Green,0,0,0.0
#541397,Taiwan,230.0,2021 / 2022,Yellow Bourbon,Natural / Dry,8.0,8.0,7.75,7.75,7.67,7.75,10.0,10.0,10.0,7.92,84.83,0.0969999999999999,Brownish,0,0,0.0
#760524,Taiwan,520.0,2021 / 2022,unknown,Pulped natural / honey,7.75,7.92,7.83,7.75,7.75,7.75,10.0,10.0,10.0,7.75,84.5,0.113,Bluish-Green,0,0,0.0
#531106,Taiwan,300.0,2021 / 2022,Typica,Pulped natural / honey,7.42,7.5,7.33,7.33,7.33,7.33,10.0,10.0,10.0,7.33,81.58,0.09,Yellow-green,0,0,0.0
#599652,Taiwan,375.0,2021 / 2022,Typica,Washed / Wet,7.92,7.92,7.83,7.83,7.75,7.83,10.0,10.0,10.0,7.83,84.92,0.095,Green,0,2,0.0
#744798,Taiwan,325.0,2021 / 2022,unknown,Natural / Dry,7.58,7.67,7.5,7.75,7.75,7.67,10.0,10.0,10.0,7.67,83.58,0.084,Green,0,0,0.0
#127584,Taiwan,300.0,2021 / 2022,unknown,Pulped natural / honey,7.58,7.75,7.67,7.83,7.5,7.67,10.0,10.0,10.0,7.67,83.67,0.092,Greenish,0,0,0.0
#150681,Taiwan,275.0,2021 / 2022,Typica,Pulped natural / honey,7.58,7.75,7.58,7.75,7.58,7.67,10.0,10.0,10.0,7.67,83.58,0.091,Green,0,0,0.0
#748900,Taiwan,340.0,2021 / 2022,unknown,Washed / Wet,7.67,7.67,7.5,7.58,7.58,7.5,10.0,10.0,10.0,7.67,83.17,0.118,Blue-Green,0,0,0.0
#142692,Taiwan,140.0,2021 / 2022,unknown,Natural / Dry,7.67,7.58,7.42,7.5,7.33,7.42,10.0,10.0,10.0,7.42,82.33,0.108,Green,0,1,0.0
#764728,Taiwan,250.0,2021 / 2022,Typica,Natural / Dry,7.75,7.75,7.5,7.75,7.5,7.42,10.0,10.0,10.0,7.5,83.17,0.0969999999999999,Greenish,0,2,0.0
#240429,Taiwan,250.0,2021 / 2022,Typica,Pulped natural / honey,7.83,7.83,7.75,7.75,7.75,7.75,10.0,10.0,10.0,7.92,84.58,0.096,Greenish,0,0,0.0
#918443,Taiwan,250.0,2021 / 2022,Typica,Pulped natural / honey,7.58,7.67,7.5,7.75,7.5,7.58,10.0,10.0,10.0,7.75,83.33,0.0969999999999999,Greenish,0,0,0.0
#128172,Taiwan,300.0,2021 / 2022,Typica,Washed / Wet,7.58,7.67,7.58,7.75,7.42,7.58,10.0,10.0,10.0,7.75,83.33,0.096,Green,0,1,0.0
#553743,Taiwan,435.0,2021 / 2022,unknown,Pulped natural / honey,7.33,7.5,7.42,7.33,7.33,7.25,10.0,10.0,10.0,7.33,81.5,0.085,Green,0,0,0.0
#725808,Taiwan,800.0,2021 / 2022,Gesha,Washed / Wet,8.0,7.92,7.67,8.0,7.75,7.83,10.0,10.0,10.0,7.92,85.08,0.1,Pale Yellow,0,5,0.0
#895349,Taiwan,465.0,2021 / 2022,Caturra,Washed / Wet,7.67,7.58,7.42,7.42,7.5,7.5,10.0,10.0,10.0,7.5,82.58,0.084,Blue-Green,0,2,0.0
#405157,Taiwan,275.0,2021 / 2022,Typica,Pulped natural / honey,7.5,7.67,7.58,7.58,7.5,7.5,10.0,10.0,10.0,7.58,82.92,0.089,Blue-Green,0,0,0.0
#443473,Taiwan,1250.0,2021 / 2022,Gesha,Washed / Wet,8.08,8.0,8.08,8.08,8.0,8.0,10.0,10.0,10.0,8.0,86.25,0.119,Green,0,0,0.0
#439097,Taiwan,400.0,2021 / 2022,Typica,Natural / Dry,8.08,7.92,7.75,7.83,7.5,7.58,10.0,10.0,10.0,7.83,84.5,0.102,Green,0,0,0.0
#695532,Taiwan,1250.0,2021 / 2022,Gesha,Washed / Wet,8.08,7.83,7.67,7.67,7.67,7.75,10.0,10.0,10.0,7.92,84.58,0.1119999999999999,Green,0,2,0.0
#693585,Colombia,1800.0,2022,Bourbon Sidra,Pulped natural / honey,7.67,7.92,7.67,7.58,7.67,7.67,10.0,10.0,10.0,7.58,83.75,0.106,greenish,0,1,0.0
#655504,Colombia,1850.0,2021 / 2022,Caturra,Washed / Wet,8.08,8.0,8.08,7.92,8.08,8.0,10.0,10.0,10.0,8.0,86.17,0.106,Green,0,0,0.0
#125800,Myanmar,1400.0,2022,"Catimor,Catuai,Caturra,Bourbon",Natural / Dry,7.83,7.83,7.67,7.58,7.58,7.58,10.0,10.0,10.0,7.58,83.67,0.102,Pale Yellow,0,1,1.0
#434200,Taiwan,1100.0,2021 / 2022,Typica + SL34,Washed / Wet,7.75,7.92,7.67,7.92,7.75,7.83,8.67,10.0,10.0,7.92,83.42,0.1009999999999999,Blue-Green,0,0,0.0
#529473,Honduras,1800.0,2021 / 2022,Typica,Pulped natural / honey,7.75,7.75,7.75,7.67,7.75,7.67,10.0,10.0,10.0,7.67,84.0,0.094,Green,0,0,0.0
#709384,Guatemala,1400.0,2022,Caturra,Washed / Wet,7.33,7.42,7.33,7.42,7.58,7.42,10.0,10.0,10.0,7.42,81.92,0.103,Greenish,0,1,0.0
#940597,Taiwan,700.0,2022,Gesha,Pulped natural / honey,8.17,7.83,7.67,7.83,7.67,7.67,10.0,10.0,10.0,7.75,84.58,0.115,Green,0,0,0.0
#275886,Colombia,1574.0,2021,Santander,Washed / Wet,7.33,7.5,7.33,7.42,7.42,7.42,10.0,10.0,10.0,7.33,81.75,0.1119999999999999,yellow-green,0,0,0.0
#448890,Brazil,950.0,2021,Catucai,Natural / Dry,7.42,7.5,7.58,7.33,7.33,7.25,10.0,10.0,10.0,7.33,81.75,0.111,yellow-green,0,0,0.0
#451085,Nicaragua,1275.0,2021 / 2022,Caturra-Catuai,Washed / Wet,7.58,7.58,7.42,7.42,7.5,7.5,10.0,10.0,10.0,7.42,82.42,0.114,Bluish-Green,0,0,0.0
#917199,Guatemala,1302.5,2021,"MARSELLESA, CATUAI, CATURRA & MARSELLESA, ANACAFE 14, CATUAI",Washed / Wet,7.5,7.75,7.58,7.75,7.67,7.58,10.0,10.0,10.0,7.5,83.33,0.114,Green,0,0,0.0
#876726,Mexico,1340.0,2021,Pacamara,Washed / Wet,7.67,7.42,7.5,7.5,7.67,7.42,10.0,10.0,10.0,7.33,82.5,0.107,pale yellow,0,0,0.0
#126358,Guatemala,2000.0,2021,Gesha,Natural / Dry,8.08,8.0,8.0,7.75,8.25,8.17,10.0,10.0,10.0,8.0,86.25,0.115,brownish,0,1,0.0
#625390,Thailand,1400.0,2021,Typica Bourbon Caturra Catimor,Natural / Dry,7.42,7.25,7.33,7.42,7.33,7.33,10.0,10.0,10.0,7.25,81.33,0.105,yellowish,0,5,0.0
#874548,Taiwan,1200.0,2021 / 2022,Yellow Bourbon,Pulped natural / honey,7.92,8.08,7.67,7.92,7.67,7.75,10.0,10.0,10.0,7.75,84.75,0.1,Blue-Green,0,0,0.0
#994657,Taiwan,1000.0,2021 / 2022,Typica,Washed / Wet,8.0,8.08,7.67,7.75,7.92,7.83,10.0,10.0,10.0,7.83,85.08,0.105,greenish,0,0,0.0
#948279,Taiwan,850.0,2022,Typica,Natural / Dry,8.08,8.0,7.92,7.92,8.0,7.83,10.0,10.0,10.0,7.92,85.67,0.104,Green,0,0,0.0
#736196,Taiwan,1200.0,2021 / 2022,Gesha,Washed / Wet,8.0,7.92,7.83,7.92,7.83,7.83,10.0,10.0,10.0,7.92,85.25,0.095,Bluish-Green,0,0,0.0
#888419,Taiwan,1200.0,2021 / 2022,Gesha,Natural / Dry,8.17,8.08,7.92,8.0,7.58,7.83,10.0,10.0,10.0,7.92,85.5,0.106,Green,0,0,0.0
#389965,Taiwan,200.0,2022,Typica,Washed / Wet,8.0,8.0,7.83,7.83,7.75,7.92,10.0,10.0,10.0,8.08,85.42,0.114,Bluish-Green,0,0,0.0
#778206,Taiwan,200.0,2022,Typica,Washed / Wet,7.92,8.0,7.83,7.92,7.83,7.83,10.0,10.0,10.0,8.0,85.33,0.108,Green,0,0,0.0
#952428,Taiwan,150.0,2021 / 2022,Typica,No informado,7.92,8.0,7.92,8.0,7.58,7.75,10.0,10.0,10.0,7.83,85.0,0.109,Green,0,0,0.0
#852126,Taiwan,750.0,2021 / 2022,SL34,Washed / Wet,7.75,7.83,7.58,7.58,7.58,7.5,10.0,10.0,10.0,7.5,83.33,0.107,Blue-Green,0,1,0.0
#717129,Taiwan,1300.0,2021 / 2022,Gesha,Natural / Dry,7.92,7.92,8.0,7.92,7.83,7.92,10.0,10.0,10.0,8.0,85.5,0.091,Green,0,2,0.0
#978770,Guatemala,1900.0,2021 / 2022,Gesha,Natural / Dry,8.0,7.92,8.08,7.92,7.75,8.0,10.0,10.0,10.0,8.08,85.75,0.1159999999999999,yellowish,0,0,0.0
#197220,Taiwan,650.0,2022,Gesha,Pulped natural / honey,8.25,8.08,7.83,7.75,7.67,7.75,10.0,10.0,10.0,7.92,85.25,0.113,Green,0,0,0.0
#187142,United States (Hawaii),500.0,2022,Typica,Washed / Wet,7.67,7.92,7.58,7.58,7.58,7.75,10.0,10.0,10.0,7.75,83.83,0.118,Green,0,3,3.0
#699883,Taiwan,1300.0,2021 / 2022,SL34,Natural / Dry,7.83,7.83,7.67,7.67,7.83,8.0,10.0,10.0,10.0,8.0,84.83,0.095,greenish,0,0,0.0
#797281,Vietnam,650.0,2021 / 2022,Catimor,Natural / Dry,8.0,7.83,7.75,7.67,7.58,7.83,10.0,10.0,10.0,7.92,84.58,0.1159999999999999,brownish,0,0,0.0
#194737,Guatemala,1668.0,2022,Gesha,Washed / Wet,8.33,8.33,8.25,7.83,7.83,8.17,10.0,10.0,10.0,8.25,87.0,0.107,Green,0,2,0.0
#295641,United States (Hawaii),640.0,2022,Maragogype,Washed / Wet,7.33,7.58,7.5,7.5,7.5,7.58,10.0,10.0,10.0,7.5,82.5,0.1169999999999999,Blue-Green,0,1,0.0
#864968,Costa Rica,1450.0,2021,SL28,Pulped natural / honey,7.33,7.5,7.25,7.92,7.75,7.58,10.0,10.0,10.0,7.42,82.75,0.118,pale yellow,0,1,0.0
#231917,Taiwan,850.0,2021 / 2022,Gesha,Washed / Wet,7.83,8.0,7.5,7.75,7.75,7.75,10.0,10.0,10.0,7.83,84.42,0.1009999999999999,Bluish-Green,0,1,0.0
#680765,Peru,1750.0,2022,Gesha,Washed / Wet,8.0,8.0,7.83,7.83,7.58,7.83,10.0,10.0,10.0,7.75,84.83,0.107,greenish,0,0,0.0
#462111,Taiwan,1250.0,2021 / 2022,Gesha,Washed / Wet,8.33,8.17,8.08,8.0,7.83,8.25,10.0,10.0,10.0,8.25,86.92,0.091,Green,0,0,0.0
#988330,Taiwan,800.0,2021 / 2022,Gesha,Natural / Dry,7.92,7.75,7.67,7.75,7.75,8.0,9.33,10.0,10.0,7.92,84.08,0.106,yello-green,0,0,0.0
#460896,Laos,1300.0,2021 / 2022,Java,Semi Washed,8.33,8.42,8.08,8.17,7.92,8.17,10.0,10.0,10.0,8.33,87.42,0.104,yellowish,0,2,0.0
#489089,United States (Hawaii),1300.0,2022,Catuai,Washed / Wet,7.92,7.83,7.75,7.92,7.5,7.67,10.0,10.0,10.0,7.75,84.33,0.1009999999999999,Yellow-green,3,7,0.0
#741300,Taiwan,1060.0,2021 / 2022,Gesha,Natural / Dry,8.0,8.0,8.0,7.92,7.75,7.92,10.0,10.0,10.0,7.92,85.5,0.102,Blue-Green,0,0,0.0
#814258,Honduras,1600.0,2021,Lempira,Washed / Wet,7.67,7.75,7.67,7.58,7.5,7.58,10.0,10.0,10.0,7.5,83.25,0.105,Bluish-Green,0,3,0.0
#458680,Taiwan,1400.0,2021 / 2022,SL34,Washed / Wet,7.67,7.92,7.92,7.83,7.75,7.83,10.0,10.0,10.0,7.83,84.75,0.104,Green,0,0,0.0
#531918,Taiwan,1200.0,2021 / 2022,Gesha,Washed / Wet,8.5,8.5,7.92,8.0,7.92,8.25,10.0,10.0,10.0,8.5,87.58,0.105,Blue-Green,0,0,0.0
#894623,Taiwan,668.0,2022,Gesha,Washed / Wet,8.08,8.17,7.67,7.83,7.67,7.92,10.0,10.0,10.0,8.0,85.33,0.113,Green,0,0,0.0
#203399,El Salvador,1500.0,2021,Pacamara,Pulped natural / honey,7.83,7.83,7.83,7.83,7.67,7.67,10.0,10.0,10.0,7.67,84.33,0.103,brownish,0,4,0.0
#917862,Taiwan,1450.0,2021 / 2022,SL34,Natural / Dry,7.83,8.0,7.67,7.75,7.67,7.75,10.0,10.0,10.0,7.92,84.58,0.103,Green,0,0,0.0
#829336,United States (Hawaii),600.0,2021 / 2022,Typica,Washed / Wet,8.0,7.92,8.0,7.83,7.67,8.0,10.0,10.0,10.0,8.0,85.42,0.093,Green,0,0,0.0
#903758,Guatemala,1900.0,2021,Gesha,Natural / Dry,7.83,7.83,7.58,7.67,7.67,7.58,10.0,10.0,10.0,7.75,83.92,0.119,greenish,0,0,0.0
#494650,Taiwan,1100.0,2021 / 2022,SL34,Pulped natural / honey,8.17,8.08,8.0,7.92,8.0,7.92,10.0,10.0,10.0,8.0,86.08,0.102,Green,0,0,0.0
#280251,Taiwan,800.0,2021 / 2022,Gesha,Natural / Dry,8.17,8.08,7.83,7.67,7.67,7.75,10.0,10.0,10.0,7.83,85.0,0.1009999999999999,yellow green,0,0,0.0
#918509,Taiwan,1200.0,2021 / 2022,Sl34+Gesha,Natural / Dry,8.25,8.25,8.17,8.0,7.92,8.08,10.0,10.0,10.0,8.08,86.75,0.1,yellow green,0,1,0.0
#127725,Taiwan,1250.0,2021 / 2022,SL34,Washed / Wet,7.83,8.0,7.92,8.0,8.0,7.92,10.0,10.0,10.0,7.92,85.58,0.106,Bluish-Green,0,0,0.0
#546930,Taiwan,400.0,2022,Typica,Natural / Dry,8.0,7.92,7.83,7.92,7.75,7.75,10.0,10.0,10.0,7.92,85.08,0.1,Brownish,0,0,0.0
#154686,Honduras,1470.0,2021,Parainema,Natural / Dry,7.67,7.67,7.58,7.75,7.67,7.67,10.0,10.0,10.0,7.67,83.67,0.111,pale yellow,0,1,2.0
#886281,United States (Hawaii),1200.0,2022,Typica,Washed / Wet,7.75,7.42,7.33,7.5,7.33,7.5,10.0,10.0,10.0,7.33,82.17,0.106,Green,1,5,0.0
#740616,Taiwan,1250.0,2021 / 2022,SL34,Washed / Wet,8.08,8.08,8.25,8.08,7.92,8.0,10.0,10.0,10.0,8.25,86.67,0.108,greenish,0,0,0.0
#913173,Colombia,1100.0,2021 / 2022,Caturra,Washed / Wet,7.67,7.67,7.42,7.75,7.5,7.75,10.0,10.0,10.0,7.58,83.33,0.135,greenish,0,0,0.0
#928398,Thailand,1600.0,2021 / 2022,Catimor,Pulped natural / honey,7.67,8.0,7.83,8.0,8.08,8.0,10.0,10.0,10.0,8.08,85.67,0.098,Browish-Green,0,5,0.0
#470272,Thailand,1400.0,2022,Gayo,Washed / Wet,7.17,7.92,7.58,7.5,7.58,7.67,10.0,10.0,10.0,7.42,82.83,0.118,Yellow-Green,0,5,0.0
#275002,Thailand,1390.0,2022,Bourbon,Washed / Wet,7.42,7.83,7.58,7.67,7.67,7.75,10.0,10.0,10.0,7.58,83.5,0.131,Green,0,0,0.0
#201057,Thailand,1400.0,2022,Typica,Washed / Wet,7.92,7.92,7.75,7.33,7.58,7.5,10.0,10.0,10.0,7.33,83.33,0.123,Yellow-Green,0,16,0.0
#126973,Thailand,700.0,2022,Catimor,Washed / Wet,7.25,7.25,7.42,7.25,7.42,7.42,10.0,10.0,10.0,7.17,81.17,0.104,Green,0,0,0.0
#223636,Thailand,1400.0,2022,Java,Washed / Wet,7.33,7.42,7.25,7.33,7.5,7.42,10.0,10.0,10.0,7.17,81.42,0.1159999999999999,Green,2,1,0.0
#146278,Thailand,1390.0,2022,Caturra,Washed / Wet,7.33,7.58,7.58,7.5,7.67,7.67,10.0,10.0,10.0,7.33,82.67,0.13,Greenish,1,0,0.0
#175322,Thailand,1000.0,2022,Catimor,Washed / Wet,7.17,7.5,7.42,7.42,7.58,7.5,10.0,10.0,10.0,7.42,82.0,0.098,Green,0,0,0.0
#772299,Uganda,1806.0,2022 / 2023,SL14,Washed / Wet,7.58,7.42,7.33,7.33,7.5,7.33,10.0,10.0,10.0,7.33,81.83,0.115,Green,0,3,0.0
#677657,Uganda,1650.0,2021 / 2022,SL14,Washed / Wet,7.75,7.75,7.5,7.5,7.58,7.58,10.0,10.0,10.0,7.75,83.42,0.1009999999999999,Green,0,3,0.0
#261460,Uganda,1905.0,2021 / 2022,SL14,Washed / Wet,8.0,7.92,7.75,7.75,7.75,7.92,10.0,10.0,10.0,7.92,85.0,0.11,Green,0,1,0.0
#989481,Uganda,1905.0,2021 / 2022,SL14,Washed / Wet,7.75,7.67,7.58,7.5,7.67,7.5,10.0,10.0,10.0,7.67,83.33,0.111,Green,0,5,0.0
#794972,Nicaragua,1350.0,2021 / 2022,Parainema,Washed / Wet,7.5,7.58,7.42,7.58,7.5,7.58,10.0,10.0,10.0,7.42,82.58,0.1009999999999999,Green,0,0,0.0
#210044,Nicaragua,1350.0,2021 / 2022,Catrenic,Natural / Dry,7.92,7.75,7.67,7.67,7.83,7.75,10.0,10.0,10.0,8.0,84.58,0.099,Green,1,2,0.0
#249591,Vietnam,900.0,2021 / 2022,Catimor,Pulped natural / honey,7.58,7.42,7.58,7.5,7.67,7.75,10.0,10.0,10.0,7.33,82.83,0.133,Green,0,4,0.0
#539926,Vietnam,1040.0,2021,Catimor,Washed / Wet,7.5,7.5,7.33,7.5,7.5,7.42,10.0,10.0,10.0,7.58,82.33,0.105,Bluish-Green,0,0,0.0
#826756,Nicaragua,1000.0,2022 / 2023,Sarchimor,Washed / Wet,7.42,7.17,7.0,7.08,7.42,7.17,10.0,10.0,10.0,7.17,80.42,0.1119999999999999,Green,0,5,0.0
#723401,Nicaragua,1200.0,2022 / 2023,SHG,Natural / Dry,7.33,7.08,6.75,7.17,7.42,7.17,10.0,10.0,10.0,7.08,80.0,0.104,Green,0,12,2.0
#995570,Nicaragua,1200.0,2022 / 2023,SHG,Natural / Dry,7.33,7.58,7.25,7.33,7.75,8.17,10.0,10.0,10.0,7.33,82.75,0.105,Green,5,1,2.0
#370112,Thailand,1200.0,2021 / 2022,"Bourbon, Catimor, Caturra, Typica",Natural / Dry,7.5,7.58,7.5,7.42,7.5,7.58,10.0,10.0,10.0,7.58,82.67,0.1119999999999999,Yellow Green,0,0,0.0
#984405,Mexico,1200.0,2022 / 2023,Sarchimor,Washed / Wet,7.67,7.67,7.58,7.67,7.83,7.58,10.0,10.0,10.0,7.75,83.75,0.1169999999999999,Green,4,12,0.0
#587946,Mexico,1200.0,2021 / 2022,Typica,Washed / Wet,7.58,7.42,7.25,7.25,7.5,7.33,10.0,10.0,10.0,7.33,81.67,0.118,Green,2,2,0.0
#300720,Mexico,1350.0,2021 / 2022,Bourbon,Washed / Wet,7.75,7.5,7.42,7.67,7.58,7.5,10.0,10.0,10.0,7.5,82.92,0.119,Green,2,1,0.0
#791934,Ethiopia,1800.0,2021 / 2022,Ethiopian Heirlooms,Washed / Wet,8.0,7.75,7.5,7.67,7.67,7.67,10.0,10.0,10.0,7.75,84.0,0.113,Green,1,1,1.0
#233123,Ethiopia,2000.0,2021 / 2022,Ethiopian Heirlooms,Natural / Dry,8.08,8.25,8.0,8.08,7.92,7.92,10.0,10.0,10.0,8.0,86.25,0.118,greenish,0,1,1.0
#217253,Laos,1300.0,2021 / 2022,Catimor,Washed / Wet,7.25,7.17,7.08,7.0,7.08,7.08,10.0,10.0,10.0,7.0,79.67,0.1159999999999999,Green,0,11,9.0
#153864,Brazil,1200.0,2022 / 2023,No informado,Natural / Dry,7.42,7.42,7.25,7.25,7.17,7.25,10.0,10.0,10.0,7.25,81.0,0.106,greenish,0,1,2.0
#420582,Brazil,1200.0,2021 / 2022,Catuai and Mundo Novo,Natural / Dry,7.25,7.17,7.17,7.08,7.17,7.17,10.0,10.0,10.0,7.17,80.17,0.1159999999999999,greenish,0,2,1.0
#849802,Colombia,1411.0,2022 / 2023,No informado,Washed / Wet,7.67,7.75,7.67,7.75,7.67,7.67,10.0,10.0,10.0,7.67,83.83,0.119,Green,0,1,1.0
#656152,Guatemala,1450.0,2021 / 2022,No informado,Washed / Wet,7.42,7.42,7.42,7.33,7.5,7.42,10.0,10.0,10.0,7.5,82.0,0.115,Blue-Green,0,2,1.0
#508075,Brazil,1100.0,2022,Yellow Bourbon,Double Carbonic Maceration / Natural,7.83,7.92,7.75,7.92,7.67,7.83,10.0,10.0,10.0,7.83,84.75,0.1119999999999999,Green,0,5,1.0
#707378,Nicaragua,1100.0,2021,Caturra,Washed / Wet,7.25,7.25,7.17,7.33,7.08,7.25,10.0,10.0,10.0,7.17,80.5,0.115,greenish,0,3,1.0
#946237,Philippines,1444.0,2022 / 2023,Typica,Pulped natural / honey,7.67,7.58,7.5,7.67,7.58,7.58,10.0,10.0,10.0,7.58,83.17,0.119,greenish,0,0,1.0
#989796,Colombia,1700.0,2022,Caturra,Washed / Wet,7.58,7.67,7.58,7.5,7.33,7.5,10.0,10.0,10.0,7.5,82.67,0.118,Green,0,2,1.0
#242592,Peru,1600.0,2022 / 2023,Caturra,Washed / Wet,7.5,7.25,7.17,7.17,7.17,7.08,10.0,10.0,10.0,7.0,80.33,0.118,greenish,0,11,6.0
#958749,Peru,1600.0,2022 / 2023,Caturra,Washed / Wet,7.67,7.5,7.33,7.58,7.33,7.42,10.0,10.0,10.0,7.42,82.25,0.1169999999999999,greenish,0,3,1.0
#571059,Peru,1600.0,2022 / 2023,Caturra,Washed / Wet,7.5,7.5,7.33,7.5,7.33,7.33,10.0,10.0,10.0,7.42,81.92,0.1159999999999999,greenish,0,2,2.0
#586625,Indonesia,1300.0,2022,"Jember,TIM-TIM,Ateng",Wet Hulling,7.67,7.67,7.83,7.83,7.67,7.75,10.0,10.0,10.0,7.83,84.25,0.115,Blue-Green,0,1,1.0
#741289,Costa Rica,1900.0,2022,Gesha,Washed / Wet,7.75,7.83,7.67,7.83,7.75,7.75,10.0,10.0,10.0,7.92,84.5,0.1169999999999999,Green,0,0,1.0
#801129,Brazil,1000.0,2022,Yellow Catuai,Pulped natural / honey,7.5,7.5,7.42,7.33,7.33,7.33,10.0,10.0,10.0,7.42,81.83,0.113,Pale Yellow,0,2,0.0
#279151,Thailand,1350.0,2022,Catimor,Natural / Dry,7.75,7.67,7.58,7.75,7.75,7.67,10.0,10.0,10.0,7.75,83.92,0.1159999999999999,yellowish,0,3,0.0
#483718,Colombia,1600.0,2022,"Castillo,Caturra,Bourbon",Washed / Wet,7.25,7.25,7.17,7.33,7.0,7.17,10.0,10.0,10.0,7.25,80.42,0.11,greenish,0,3,3.0
#300209,Colombia,1550.0,2021 / 2022,"Caturra,Colombia,Castillo",Washed / Wet,7.42,7.25,7.25,7.42,7.17,7.33,10.0,10.0,10.0,7.33,81.17,0.114,Greenish,0,2,2.0
#735285,Thailand,1450.0,2022,Java,Washed / Wet,7.67,7.67,7.5,7.67,7.58,7.67,10.0,10.0,10.0,7.67,83.42,0.1159999999999999,Green,0,0,2.0
#138975,Colombia,1390.0,2022,"Red Bourbon,Caturra",Anaerobico 1000h,7.67,7.67,7.58,7.67,7.58,7.58,10.0,10.0,10.0,7.5,83.25,0.109,brownish,0,2,0.0
#877064,Costa Rica,1900.0,2022,Gesha,Washed / Wet,8.08,8.17,8.17,8.25,8.17,8.08,10.0,10.0,10.0,8.25,87.17,0.118,Green,0,0,0.0
#367114,Colombia,1350.0,2022,Castillo Paraguaycito,No informado,8.08,8.0,7.83,8.17,7.75,7.83,10.0,10.0,10.0,8.0,85.67,0.113,brownish,0,2,0.0
#270359,Colombia,1975.0,2022,Red Bourbon,"Honey,Mossto",8.33,8.33,8.08,8.25,7.92,7.92,10.0,10.0,10.0,8.25,87.08,0.1159999999999999,Yellow-Green,0,2,2.0
#261473,Colombia,1815.0,2021 / 2022,Castillo,Double Anaerobic Washed,8.58,8.5,8.42,8.58,8.25,8.42,10.0,10.0,10.0,8.58,89.33,0.118,Green,0,3,0.0
#824584,Kenya,1725.0,2022,"SL28,SL34,Ruiru11",Washed / Wet,7.5,7.5,7.42,7.5,7.25,7.5,10.0,10.0,10.0,7.5,82.17,0.1119999999999999,Green,0,2,0.0
#638524,Ethiopia,2000.0,2022,"Wolishalo,Kurume,Dega",Washed / Wet,8.17,8.08,7.92,8.17,7.75,7.92,10.0,10.0,10.0,8.08,86.08,0.113,Green,0,2,2.0
#689252,Colombia,1350.0,2021 / 2022,Typica Gesha,Washed / Wet,7.58,7.5,7.5,7.67,7.58,7.5,10.0,10.0,10.0,7.58,82.92,0.115,Greenish,0,3,1.0
#947066,Ethiopia,1700.0,2021 / 2022,Ethiopian Heirlooms,Washed / Wet,7.42,7.42,7.42,8.0,7.92,7.67,10.0,10.0,10.0,7.67,83.5,0.104,Greenish,0,11,1.0
#423394,Ethiopia,1700.0,2021 / 2022,Ethiopian Heirlooms,Washed / Wet,7.92,7.75,7.83,8.17,8.0,7.75,10.0,10.0,10.0,7.83,85.25,0.094,Greenish,0,1,1.0
#241548,Ethiopia,1950.0,2021 / 2022,Gesha,Natural / Dry,7.67,8.17,8.0,8.33,8.0,8.0,10.0,10.0,10.0,8.0,86.17,0.1159999999999999,Yellow- Green,0,2,3.0
#510790,Ethiopia,2361.0,2021 / 2022,Ethiopian Heirlooms,Natural / Dry,7.83,7.75,7.58,7.92,8.0,7.5,10.0,10.0,10.0,7.75,84.33,0.11,Yellow Green,0,4,5.0
#611011,Ethiopia,2250.0,2021 / 2022,Ethiopian Heirlooms,Natural / Dry,8.0,8.08,8.0,8.0,7.67,7.75,10.0,10.0,10.0,7.83,85.33,0.123,Yellow Green,0,4,3.0
#917098,Ethiopia,1950.0,2021 / 2022,Ethiopian Heirlooms,Washed / Wet,7.67,7.83,7.83,8.0,8.0,8.0,10.0,10.0,10.0,8.0,85.33,0.099,Green,0,3,2.0
#106719,Laos,1250.0,2022,Catimor,Natural / Dry,7.67,7.75,7.33,7.67,7.58,7.5,10.0,10.0,10.0,7.58,83.08,0.118,brownish,0,7,0.0
